SampleID,copies_L,Accepted_Droplets,Positive_Droplets,Negative_Droplets,Sample_Vol_Filtered_L,Extraction_Elution_Vol_uL,ddPCR_template_vol_uL,ddPCR_assay_vol_uL,Dilution_factor_ddPCR_template,Conc_ddPCR_output_copies,SurveyType,LocationType,date,site_id,site_latitude,site_longitude,transect_n,biomass_density_sum,biomass_density_avg,biomass_density_max,pyc_count_sum,pyc_count_mean,pyc_count_max,density_sum,density_avg,density_max
CMIC611,761.1358762,14878,9,14869,1,100,2,20,1,0.76,subtidal,OuterIslands,2021-10-12,kwakume5041,51.70860511,-127.8769169,3,0,0,0,0,0,0,0,0,0
CMIC611,979.8719883,12842,10,12832,1,100,2,20,1,0.98,subtidal,OuterIslands,2021-10-12,kwakume5041,51.70860511,-127.8769169,3,0,0,0,0,0,0,0,0,0
CMIC611,1139.01031,14363,13,14350,1,100,2,20,1,1.14,subtidal,OuterIslands,2021-10-12,kwakume5041,51.70860511,-127.8769169,3,0,0,0,0,0,0,0,0,0
CMIC613,645907.6881,14271,7500,6771,1,100,2,20,50,12.92,subtidal,Fjord,2021-10-13,rivers nelson narrows,51.7700497,-127.43015,3,0.736032003,0.245344001,0.494958552,13,4.333333333,7,0.216666667,0.072222222,0.116666667
CMIC613,819404.5067,11911,6210,5701,1,100,2,20,50,16.39,subtidal,Fjord,2021-10-13,rivers nelson narrows,51.7700497,-127.43015,3,0.736032003,0.245344001,0.494958552,13,4.333333333,7,0.216666667,0.072222222,0.116666667
CMIC613,763179.8744,13989,7152,6837,1,100,2,20,50,15.26,subtidal,Fjord,2021-10-13,rivers nelson narrows,51.7700497,-127.43015,3,0.736032003,0.245344001,0.494958552,13,4.333333333,7,0.216666667,0.072222222,0.116666667
CMIC614,3918.964863,15109,47,15062,1,100,2,20,1,3.92,subtidal,Fjord,2021-10-16,burke doc marker,51.9652611,-127.71152,3,0.510080248,0.170026749,0.509242533,4,1.333333333,3,0.066666667,0.022222222,0.05
CMIC614,2452.415466,13862,27,13835,1,100,2,20,1,2.45,subtidal,Fjord,2021-10-16,burke doc marker,51.9652611,-127.71152,3,0.510080248,0.170026749,0.509242533,4,1.333333333,3,0.066666667,0.022222222,0.05
CMIC614,3013.937235,13789,33,13756,1,100,2,20,1,3.01,subtidal,Fjord,2021-10-16,burke doc marker,51.9652611,-127.71152,3,0.510080248,0.170026749,0.509242533,4,1.333333333,3,0.066666667,0.022222222,0.05
CMIC615,10141.65401,14570,117,14453,1,100,2,20,1,10.14,subtidal,Fjord,2021-10-16,burke hvidsen,51.9517062,-127.74103,3,0.265484005,0.088494668,0.202491052,45,15,28,0.75,0.25,0.466666667
CMIC615,9144.765854,13667,99,13568,1,100,2,20,1,9.14,subtidal,Fjord,2021-10-16,burke hvidsen,51.9517062,-127.74103,3,0.265484005,0.088494668,0.202491052,45,15,28,0.75,0.25,0.466666667
CMIC615,7555.287361,14027,84,13943,1,100,2,20,1,7.56,subtidal,Fjord,2021-10-16,burke hvidsen,51.9517062,-127.74103,3,0.265484005,0.088494668,0.202491052,45,15,28,0.75,0.25,0.466666667
CMIC616,121261.4136,15130,1556,13574,1,100,2,20,1,121.26,subtidal,Fjord,2021-10-16,burke eagle rock,51.9617544,-127.77545,3,0.323367656,0.107789219,0.305268578,14,4.666666667,13,0.233333333,0.077777778,0.216666667
CMIC616,129768.5242,14476,1480,12996,1,100,2,20,1,129.77,subtidal,Fjord,2021-10-16,burke eagle rock,51.9617544,-127.77545,3,0.323367656,0.107789219,0.305268578,14,4.666666667,13,0.233333333,0.077777778,0.216666667
CMIC616,124770.0195,14612,1428,13184,1,100,2,20,1,124.77,subtidal,Fjord,2021-10-16,burke eagle rock,51.9617544,-127.77545,3,0.323367656,0.107789219,0.305268578,14,4.666666667,13,0.233333333,0.077777778,0.216666667
CMIC617,495456.3141,15850,5410,10440,1,100,2,20,50,9.91,subtidal,Fjord,2021-10-16,burke sagen,51.9258389,-127.88845,3,0.036414598,0.012138199,0.036414598,1,0.333333333,1,0.016666667,0.005555556,0.016666667
CMIC617,402143.2877,14266,4383,9883,1,100,2,20,50,8.04,subtidal,Fjord,2021-10-16,burke sagen,51.9258389,-127.88845,3,0.036414598,0.012138199,0.036414598,1,0.333333333,1,0.016666667,0.005555556,0.016666667
CMIC617,404045.105,14486,4889,9597,1,100,2,20,50,8.08,subtidal,Fjord,2021-10-16,burke sagen,51.9258389,-127.88845,3,0.036414598,0.012138199,0.036414598,1,0.333333333,1,0.016666667,0.005555556,0.016666667
CMIC618,403.2512307,15599,5,15594,1,100,2,20,1,0.4,intertidal,OuterIslands,2021-11-05,north beach,51.66508,-128.1347,N/A,N/A,N/A,N/A,N/A,N/A,N/A,N/A,N/A,N/A
CMIC618,90.83016962,13849,1,13848,1,100,2,20,1,0.09,intertidal,OuterIslands,2021-11-05,north beach,51.66508,-128.1347,N/A,N/A,N/A,N/A,N/A,N/A,N/A,N/A,N/A,N/A
CMIC618,494.8639274,15254,6,15248,1,100,2,20,1,0.49,intertidal,OuterIslands,2021-11-05,north beach,51.66508,-128.1347,N/A,N/A,N/A,N/A,N/A,N/A,N/A,N/A,N/A,N/A
CMIC620,77.77300477,16174,1,16173,1,100,2,20,1,0.08,intertidal,OuterIslands,2021-11-07,west beach,51.657423,-128.148814,N/A,N/A,N/A,N/A,N/A,N/A,N/A,N/A,N/A,N/A
CMIC620,0,14899,0,14899,1,100,2,20,1,0,intertidal,OuterIslands,2021-11-07,west beach,51.657423,-128.148814,N/A,N/A,N/A,N/A,N/A,N/A,N/A,N/A,N/A,N/A
CMIC620,0,16675,0,16675,1,100,2,20,1,0,intertidal,OuterIslands,2021-11-07,west beach,51.657423,-128.148814,N/A,N/A,N/A,N/A,N/A,N/A,N/A,N/A,N/A,N/A
CMIC624,717.2070146,15789,9,15780,1,100,2,20,1,0.72,subtidal,OuterIslands,2022-05-13,mustang315,51.80212005,-128.0528775,3,6.95E-04,2.32E-04,3.53E-04,42,14,27,0.7,0.233333333,0.45
CMIC624,815.9543872,18505,12,18493,1,100,2,20,1,0.82,subtidal,OuterIslands,2022-05-13,mustang315,51.80212005,-128.0528775,3,6.95E-04,2.32E-04,3.53E-04,42,14,27,0.7,0.233333333,0.45
CMIC624,862.4843955,17507,12,17495,1,100,2,20,1,0.86,subtidal,OuterIslands,2022-05-13,mustang315,51.80212005,-128.0528775,3,6.95E-04,2.32E-04,3.53E-04,42,14,27,0.7,0.233333333,0.45
CMIC625,154.1402638,16322,2,16320,1,100,2,20,1,0.15,subtidal,OuterIslands,2022-05-14,kwakshua146,51.65812538,-128.1127092,3,0.00311837,0.001039457,0.001450429,31,10.33333333,27,0.516666667,0.172222222,0.45
CMIC625,72.57661223,17332,1,17331,1,100,2,20,1,0.07,subtidal,OuterIslands,2022-05-14,kwakshua146,51.65812538,-128.1127092,3,0.00311837,0.001039457,0.001450429,31,10.33333333,27,0.516666667,0.172222222,0.45
CMIC625,0,17914,0,17914,1,100,2,20,1,0,subtidal,OuterIslands,2022-05-14,kwakshua146,51.65812538,-128.1127092,3,0.00311837,0.001039457,0.001450429,31,10.33333333,27,0.516666667,0.172222222,0.45
CMIC626,730.5833697,15500,9,15491,1,100,2,20,1,0.73,subtidal,OuterIslands,2022-05-14,Meay,51.66461667,-128.0945833,3,0.007322142,0.002440714,0.003105172,77,25.66666667,34,1.283333333,0.427777778,0.566666667
CMIC626,578.9926648,17384,8,17376,1,100,2,20,1,0.58,subtidal,OuterIslands,2022-05-14,Meay,51.66461667,-128.0945833,3,0.007322142,0.002440714,0.003105172,77,25.66666667,34,1.283333333,0.427777778,0.566666667
CMIC626,145.1909244,17328,2,17326,1,100,2,20,1,0.15,subtidal,OuterIslands,2022-05-14,Meay,51.66461667,-128.0945833,3,0.007322142,0.002440714,0.003105172,77,25.66666667,34,1.283333333,0.427777778,0.566666667
CMIC628,94.26774085,13344,1,13343,1,100,2,20,1,0.09,intertidal,OuterIslands,2022-05-15,west beach,51.657423,-128.148814,N/A,N/A,N/A,N/A,N/A,N/A,N/A,N/A,N/A,N/A
CMIC628,0,16363,0,16363,1,100,2,20,1,0,intertidal,OuterIslands,2022-05-15,west beach,51.657423,-128.148814,N/A,N/A,N/A,N/A,N/A,N/A,N/A,N/A,N/A,N/A
CMIC628,169.1242605,14876,2,14874,1,100,2,20,1,0.17,intertidal,OuterIslands,2022-05-15,west beach,51.657423,-128.148814,N/A,N/A,N/A,N/A,N/A,N/A,N/A,N/A,N/A,N/A
CMIC629,217.8932875,17320,3,17317,1,100,2,20,1,0.22,intertidal,OuterIslands,2022-05-17,north beach,51.66508,-128.1347,N/A,N/A,N/A,N/A,N/A,N/A,N/A,N/A,N/A,N/A
CMIC629,220.6710279,17102,3,17099,1,100,2,20,1,0.22,intertidal,OuterIslands,2022-05-17,north beach,51.66508,-128.1347,N/A,N/A,N/A,N/A,N/A,N/A,N/A,N/A,N/A,N/A
CMIC629,210.1631612,17957,3,17954,1,100,2,20,1,0.21,intertidal,OuterIslands,2022-05-17,north beach,51.66508,-128.1347,N/A,N/A,N/A,N/A,N/A,N/A,N/A,N/A,N/A,N/A
CMIC630,0,17390,0,17390,1,100,2,20,1,0,intertidal,OuterIslands,2022-05-18,Fifith Beach,51.64068,-128.156779,N/A,N/A,N/A,N/A,N/A,N/A,N/A,N/A,N/A,N/A
CMIC630,0,16911,0,16911,1,100,2,20,1,0,intertidal,OuterIslands,2022-05-18,Fifith Beach,51.64068,-128.156779,N/A,N/A,N/A,N/A,N/A,N/A,N/A,N/A,N/A,N/A
CMIC630,67.68701226,18584,1,18583,1,100,2,20,1,0.07,intertidal,OuterIslands,2022-05-18,Fifith Beach,51.64068,-128.156779,N/A,N/A,N/A,N/A,N/A,N/A,N/A,N/A,N/A,N/A
CMIC631,1316.749692,17204,18,17186,1,100,2,20,1,1.32,subtidal,OuterIslands,2022-05-21,Choked Pass,51.67482341,-128.1194543,7,0.238566601,0.034080943,0.107041714,18,2.571428571,10,0.3,0.042857143,0.166666667
CMIC631,1487.889409,16918,20,16898,1,100,2,20,1,1.49,subtidal,OuterIslands,2022-05-21,Choked Pass,51.67482341,-128.1194543,7,0.238566601,0.034080943,0.107041714,18,2.571428571,10,0.3,0.042857143,0.166666667
CMIC631,883.3059669,18519,13,18506,1,100,2,20,1,0.88,subtidal,OuterIslands,2022-05-21,Choked Pass,51.67482341,-128.1194543,7,0.238566601,0.034080943,0.107041714,18,2.571428571,10,0.3,0.042857143,0.166666667
CMIC632,15114.62593,17498,209,17289,1,100,2,20,1,15.11,subtidal,Fjord,2022-05-22,burke sagen,51.9258389,-127.88845,3,0.088305599,0.0294352,0.051891001,4,1.333333333,3,0.066666667,0.022222222,0.05
CMIC632,14302.03629,17071,193,16878,1,100,2,20,1,14.3,subtidal,Fjord,2022-05-22,burke sagen,51.9258389,-127.88845,3,0.088305599,0.0294352,0.051891001,4,1.333333333,3,0.066666667,0.022222222,0.05
CMIC632,16745.67032,17165,227,16938,1,100,2,20,1,16.75,subtidal,Fjord,2022-05-22,burke sagen,51.9258389,-127.88845,3,0.088305599,0.0294352,0.051891001,4,1.333333333,3,0.066666667,0.022222222,0.05
CMIC633,99200.33264,17103,1297,15806,1,100,2,20,1,99.2,subtidal,Fjord,2022-05-22,burke eagle rock,51.9617544,-127.77545,3,1.259286476,0.419762159,0.580333449,55,18.33333333,38,0.916666667,0.305555556,0.633333333
CMIC633,84184.74579,14644,948,13696,1,100,2,20,1,84.18,subtidal,Fjord,2022-05-22,burke eagle rock,51.9617544,-127.77545,3,1.259286476,0.419762159,0.580333449,55,18.33333333,38,0.916666667,0.305555556,0.633333333
CMIC633,79249.2218,18179,1110,17069,1,100,2,20,1,79.25,subtidal,Fjord,2022-05-22,burke eagle rock,51.9617544,-127.77545,3,1.259286476,0.419762159,0.580333449,55,18.33333333,38,0.916666667,0.305555556,0.633333333
CMIC634,39300.78506,15084,464,14620,1,100,2,20,1,39.3,subtidal,Fjord,2022-05-22,burke doc marker,51.9652611,-127.71152,3,0.877650109,0.292550036,0.390599856,62,20.66666667,41,1.033333333,0.344444444,0.683333333
CMIC634,53128.81088,16055,664,15391,1,100,2,20,1,53.13,subtidal,Fjord,2022-05-22,burke doc marker,51.9652611,-127.71152,3,0.877650109,0.292550036,0.390599856,62,20.66666667,41,1.033333333,0.344444444,0.683333333
CMIC634,50560.94742,16168,637,15531,1,100,2,20,1,50.56,subtidal,Fjord,2022-05-22,burke doc marker,51.9652611,-127.71152,3,0.877650109,0.292550036,0.390599856,62,20.66666667,41,1.033333333,0.344444444,0.683333333
CMIC635,3193.701744,16563,42,16521,1,100,2,20,1,3.19,subtidal,Fjord,2022-05-22,burke hvidsen,51.9517062,-127.74103,3,0.153882137,0.051294046,0.082843806,9,3,6,0.15,0.05,0.1
CMIC635,3860.979557,16967,52,16915,1,100,2,20,1,3.86,subtidal,Fjord,2022-05-22,burke hvidsen,51.9517062,-127.74103,3,0.153882137,0.051294046,0.082843806,9,3,6,0.15,0.05,0.1
CMIC635,3710.61635,17314,51,17263,1,100,2,20,1,3.71,subtidal,Fjord,2022-05-22,burke hvidsen,51.9517062,-127.74103,3,0.153882137,0.051294046,0.082843806,9,3,6,0.15,0.05,0.1
CMIC636,793.8995361,17434,11,17423,1,100,2,20,1,0.79,subtidal,Fjord,2022-05-23,rivers rutherford point,51.65392208,-127.3912655,3,0.15671806,0.052239353,0.106276303,4,1.333333333,2,0.066666667,0.022222222,0.033333333
CMIC636,827.7137876,16722,11,16711,1,100,2,20,1,0.83,subtidal,Fjord,2022-05-23,rivers rutherford point,51.65392208,-127.3912655,3,0.15671806,0.052239353,0.106276303,4,1.333333333,2,0.066666667,0.022222222,0.033333333
CMIC636,1145.984888,17570,16,17554,1,100,2,20,1,1.15,subtidal,Fjord,2022-05-23,rivers rutherford point,51.65392208,-127.3912655,3,0.15671806,0.052239353,0.106276303,4,1.333333333,2,0.066666667,0.022222222,0.033333333
CMIC637,6594.774246,17785,93,17692,1,100,2,20,1,6.59,intertidal,OuterIslands,2022-05-18,fifth beach,51.64068,-128.156779,N/A,N/A,N/A,N/A,N/A,N/A,N/A,N/A,N/A,N/A
CMIC637,7058.276176,17335,97,17238,1,100,2,20,1,7.06,intertidal,OuterIslands,2022-05-18,fifth beach,51.64068,-128.156779,N/A,N/A,N/A,N/A,N/A,N/A,N/A,N/A,N/A,N/A
CMIC637,8382.502556,16712,111,16601,1,100,2,20,1,8.38,intertidal,OuterIslands,2022-05-18,fifth beach,51.64068,-128.156779,N/A,N/A,N/A,N/A,N/A,N/A,N/A,N/A,N/A,N/A
CMIC638,38113.16681,17155,512,16643,1,100,2,20,1,38.11,subtidal,Fjord,2022-05-23,rivers hay stacks,51.5396992,-127.5598,3,0.261370745,0.087123582,0.209607722,8,2.666666667,4,0.133333333,0.044444444,0.066666667
CMIC638,37864.91394,16389,486,15903,1,100,2,20,1,37.86,subtidal,Fjord,2022-05-23,rivers hay stacks,51.5396992,-127.5598,3,0.261370745,0.087123582,0.209607722,8,2.666666667,4,0.133333333,0.044444444,0.066666667
CMIC638,38167.42325,15893,475,15418,1,100,2,20,1,38.17,subtidal,Fjord,2022-05-23,rivers hay stacks,51.5396992,-127.5598,3,0.261370745,0.087123582,0.209607722,8,2.666666667,4,0.133333333,0.044444444,0.066666667
CMIC639,66.38667732,18948,1,18947,1,100,2,20,1,0.07,intertidal,OuterIslands,2022-06-13,north beach,51.66508,-128.1347,N/A,N/A,N/A,N/A,N/A,N/A,N/A,N/A,N/A,N/A
CMIC639,0,16244,0,16244,1,100,2,20,1,0,intertidal,OuterIslands,2022-06-13,north beach,51.66508,-128.1347,N/A,N/A,N/A,N/A,N/A,N/A,N/A,N/A,N/A,N/A
CMIC639,0,18340,0,18340,1,100,2,20,1,0,intertidal,OuterIslands,2022-06-13,north beach,51.66508,-128.1347,N/A,N/A,N/A,N/A,N/A,N/A,N/A,N/A,N/A,N/A
CMIC640,0,18704,0,18704,1,100,2,20,1,0,intertidal,OuterIslands,2022-06-14,west beach,51.657423,-128.148814,N/A,N/A,N/A,N/A,N/A,N/A,N/A,N/A,N/A,N/A
CMIC640,0,17305,0,17305,1,100,2,20,1,0,intertidal,OuterIslands,2022-06-14,west beach,51.657423,-128.148814,N/A,N/A,N/A,N/A,N/A,N/A,N/A,N/A,N/A,N/A
CMIC640,72.23900408,17413,1,17412,1,100,2,20,1,0.07,intertidal,OuterIslands,2022-06-14,west beach,51.657423,-128.148814,N/A,N/A,N/A,N/A,N/A,N/A,N/A,N/A,N/A,N/A
CMIC772,146.8263716,17135,2,17133,1,100,2,20,1,0.15,intertidal,OuterIslands,2022-06-15,fifth beach,51.64068,-128.156779,N/A,N/A,N/A,N/A,N/A,N/A,N/A,N/A,N/A,N/A
CMIC772,149.7276127,16803,2,16801,1,100,2,20,1,0.15,intertidal,OuterIslands,2022-06-15,fifth beach,51.64068,-128.156779,N/A,N/A,N/A,N/A,N/A,N/A,N/A,N/A,N/A,N/A
CMIC772,2185.278416,16131,28,16103,1,100,2,20,1,2.19,intertidal,OuterIslands,2022-06-15,fifth beach,51.64068,-128.156779,N/A,N/A,N/A,N/A,N/A,N/A,N/A,N/A,N/A,N/A
CMIC773,83404.12903,17816,1143,16673,1,100,2,20,1,83.4,subtidal,Fjord,2022-08-18,rivers rutherford point,51.65392208,-127.3912655,3,0.400918381,0.13363946,0.208977105,35,11.66666667,27,0.583333333,0.194444444,0.45
CMIC773,82073.16589,16164,1021,15143,1,100,2,20,1,82.07,subtidal,Fjord,2022-08-18,rivers rutherford point,51.65392208,-127.3912655,3,0.400918381,0.13363946,0.208977105,35,11.66666667,27,0.583333333,0.194444444,0.45
CMIC773,80433.41827,18178,1126,17052,1,100,2,20,1,80.43,subtidal,Fjord,2022-08-18,rivers rutherford point,51.65392208,-127.3912655,3,0.400918381,0.13363946,0.208977105,35,11.66666667,27,0.583333333,0.194444444,0.45
CMIC774,373527.4792,15393,3510,11883,1,100,2,20,50,7.47,subtidal,Fjord,2022-08-18,rivers hay stacks,51.5396992,-127.5598,3,0.680351049,0.226783683,0.37662278,9,3,6,0.15,0.05,0.1
CMIC774,369026.9232,15982,3786,12196,1,100,2,20,50,7.38,subtidal,Fjord,2022-08-18,rivers hay stacks,51.5396992,-127.5598,3,0.680351049,0.226783683,0.37662278,9,3,6,0.15,0.05,0.1
CMIC774,368227.5057,15417,2988,12429,1,100,2,20,50,7.36,subtidal,Fjord,2022-08-18,rivers hay stacks,51.5396992,-127.5598,3,0.680351049,0.226783683,0.37662278,9,3,6,0.15,0.05,0.1
CMIC775,81556.633,17171,1078,16093,1,100,2,20,1,81.56,subtidal,Fjord,2022-08-18,rivers nelson narrows,51.7700497,-127.43015,3,0.603569084,0.201189695,0.333893689,36,12,25,0.6,0.2,0.416666667
CMIC775,79498.19946,15691,961,14730,1,100,2,20,1,79.5,subtidal,Fjord,2022-08-18,rivers nelson narrows,51.7700497,-127.43015,3,0.603569084,0.201189695,0.333893689,36,12,25,0.6,0.2,0.416666667
CMIC775,69923.62976,17643,954,16689,1,100,2,20,1,69.92,subtidal,Fjord,2022-08-18,rivers nelson narrows,51.7700497,-127.43015,3,0.603569084,0.201189695,0.333893689,36,12,25,0.6,0.2,0.416666667
CMIC776,316.0257936,15923,4,15919,1,100,2,20,1,0.32,subtidal,OuterIslands,2022-08-20,mustang0007,51.81054507,-128.0512092,3,0.074694432,0.024898144,0.065885971,12,4,9,0.2,0.066666667,0.15
CMIC776,226.5668958,16657,3,16654,1,100,2,20,1,0.23,subtidal,OuterIslands,2022-08-20,mustang0007,51.81054507,-128.0512092,3,0.074694432,0.024898144,0.065885971,12,4,9,0.2,0.066666667,0.15
CMIC776,439.9912357,17156,6,17150,1,100,2,20,1,0.44,subtidal,OuterIslands,2022-08-20,mustang0007,51.81054507,-128.0512092,3,0.074694432,0.024898144,0.065885971,12,4,9,0.2,0.066666667,0.15
CMIC777,361.2779975,17411,5,17406,1,100,2,20,1,0.36,subtidal,Fjord,2022-08-21,burke doc marker,51.9652611,-127.71152,3,0.451155032,0.150385011,0.198797096,89,29.66666667,51,1.483333333,0.494444444,0.85
CMIC777,152.8107375,16464,2,16462,1,100,2,20,1,0.15,subtidal,Fjord,2022-08-21,burke doc marker,51.9652611,-127.71152,3,0.451155032,0.150385011,0.198797096,89,29.66666667,51,1.483333333,0.494444444,0.85
CMIC777,217.6294029,17341,3,17338,1,100,2,20,1,0.22,subtidal,Fjord,2022-08-21,burke doc marker,51.9652611,-127.71152,3,0.451155032,0.150385011,0.198797096,89,29.66666667,51,1.483333333,0.494444444,0.85
CMIC778,5281.331539,15991,67,15924,1,100,2,20,1,5.28,subtidal,Fjord,2022-08-21,burke hvidsen,51.9517062,-127.74103,3,0.143323171,0.04777439,0.069795647,36,12,19,0.6,0.2,0.316666667
CMIC778,4327.744007,15431,53,15378,1,100,2,20,1,4.33,subtidal,Fjord,2022-08-21,burke hvidsen,51.9517062,-127.74103,3,0.143323171,0.04777439,0.069795647,36,12,19,0.6,0.2,0.316666667
CMIC778,4640.881538,17107,63,17044,1,100,2,20,1,4.64,subtidal,Fjord,2022-08-21,burke hvidsen,51.9517062,-127.74103,3,0.143323171,0.04777439,0.069795647,36,12,19,0.6,0.2,0.316666667
CMIC779,832.9457641,16617,11,16606,1,100,2,20,1,0.83,subtidal,Fjord,2022-08-21,burke sagen,51.9258389,-127.88845,3,0.48480362,0.161601207,0.372210459,11,3.666666667,10,0.183333333,0.061111111,0.166666667
CMIC779,806.6270947,17159,11,17148,1,100,2,20,1,0.81,subtidal,Fjord,2022-08-21,burke sagen,51.9258389,-127.88845,3,0.48480362,0.161601207,0.372210459,11,3.666666667,10,0.183333333,0.061111111,0.166666667
CMIC779,766.9420838,16406,10,16396,1,100,2,20,1,0.77,subtidal,Fjord,2022-08-21,burke sagen,51.9258389,-127.88845,3,0.48480362,0.161601207,0.372210459,11,3.666666667,10,0.183333333,0.061111111,0.166666667
CMIC780,756.2445998,16638,10,16628,1,100,2,20,1,0.76,subtidal,Fjord,2022-08-21,burke eagle rock,51.9617544,-127.77545,3,0.727005247,0.242335082,0.414542712,67,22.33333333,47,1.116666667,0.372222222,0.783333333
CMIC780,1204.704165,16714,16,16698,1,100,2,20,1,1.2,subtidal,Fjord,2022-08-21,burke eagle rock,51.9617544,-127.77545,3,0.727005247,0.242335082,0.414542712,67,22.33333333,47,1.116666667,0.372222222,0.783333333
CMIC780,1429.388285,15849,18,15831,1,100,2,20,1,1.43,subtidal,Fjord,2022-08-21,burke eagle rock,51.9617544,-127.77545,3,0.727005247,0.242335082,0.414542712,67,22.33333333,47,1.116666667,0.372222222,0.783333333
CMIC781,11226.19343,17670,157,17513,1,100,2,20,1,11.23,subtidal,OuterIslands,2022-08-22,kwakshua146,51.65812538,-128.1127092,3,0.01945697,0.006485657,0.015163903,9,3,4,0.15,0.05,0.066666667
CMIC781,12119.60602,18459,177,18282,1,100,2,20,1,12.12,subtidal,OuterIslands,2022-08-22,kwakshua146,51.65812538,-128.1127092,3,0.01945697,0.006485657,0.015163903,9,3,4,0.15,0.05,0.066666667
CMIC781,13658.97369,17222,186,17036,1,100,2,20,1,13.66,subtidal,OuterIslands,2022-08-22,kwakshua146,51.65812538,-128.1127092,3,0.01945697,0.006485657,0.015163903,9,3,4,0.15,0.05,0.066666667
CMIC784,6734.050751,17430,81,17349,1,100,2,20,1,6.73,subtidal,OuterIslands,2022-08-23,kwakume5050,51.70320511,-127.8827169,3,0.003117378,0.001039126,0.003117378,14,4.666666667,14,0.233333333,0.077777778,0.233333333
CMIC784,8362.800598,11619,41,11578,1,100,2,20,1,8.36,subtidal,OuterIslands,2022-08-23,kwakume5050,51.70320511,-127.8827169,3,0.003117378,0.001039126,0.003117378,14,4.666666667,14,0.233333333,0.077777778,0.233333333
CMIC784,6321.122169,15373,73,15300,1,100,2,20,1,6.32,subtidal,OuterIslands,2022-08-23,kwakume5050,51.70320511,-127.8827169,3,0.003117378,0.001039126,0.003117378,14,4.666666667,14,0.233333333,0.077777778,0.233333333
CMIC785,1753.211498,18667,26,18641,1,100,2,20,1,1.75,subtidal,OuterIslands,2022-08-23,kwakume5038,51.70870511,-127.8873169,3,0.070218855,0.023406285,0.064468916,3,1,2,0.05,0.016666667,0.033333333
CMIC785,2302.511454,19138,35,19103,1,100,2,20,1,2.3,subtidal,OuterIslands,2022-08-23,kwakume5038,51.70870511,-127.8873169,3,0.070218855,0.023406285,0.064468916,3,1,2,0.05,0.016666667,0.033333333
CMIC785,1866.319299,16862,25,16837,1,100,2,20,1,1.87,subtidal,OuterIslands,2022-08-23,kwakume5038,51.70870511,-127.8873169,3,0.070218855,0.023406285,0.064468916,3,1,2,0.05,0.016666667,0.033333333
CMIC786,30069.21196,10555,220,10335,1,100,2,20,1,30.07,intertidal,OuterIslands,2022-09-09,north beach,51.66508,-128.1347,N/A,N/A,N/A,N/A,N/A,N/A,N/A,N/A,N/A,N/A
CMIC786,30407.63283,18638,412,18226,1,100,2,20,1,30.41,intertidal,OuterIslands,2022-09-09,north beach,51.66508,-128.1347,N/A,N/A,N/A,N/A,N/A,N/A,N/A,N/A,N/A,N/A
CMIC786,29883.30841,15407,324,15083,1,100,2,20,1,29.88,intertidal,OuterIslands,2022-09-09,north beach,51.66508,-128.1347,N/A,N/A,N/A,N/A,N/A,N/A,N/A,N/A,N/A,N/A
CMIC787,954.2680979,18461,14,18447,1,100,2,20,1,0.95,intertidal,OuterIslands,2022-09-10,west beach,51.657423,-128.148814,N/A,N/A,N/A,N/A,N/A,N/A,N/A,N/A,N/A,N/A
CMIC787,1125.162721,17895,16,17879,1,100,2,20,1,1.13,intertidal,OuterIslands,2022-09-10,west beach,51.657423,-128.148814,N/A,N/A,N/A,N/A,N/A,N/A,N/A,N/A,N/A,N/A
CMIC787,1407.476425,17884,20,17864,1,100,2,20,1,1.41,intertidal,OuterIslands,2022-09-10,west beach,51.657423,-128.148814,N/A,N/A,N/A,N/A,N/A,N/A,N/A,N/A,N/A,N/A
CMIC788,1688.405037,19383,26,19357,1,100,2,20,1,1.69,intertidal,OuterIslands,2022-09-11,fifth beach,51.64068,-128.156779,N/A,N/A,N/A,N/A,N/A,N/A,N/A,N/A,N/A,N/A
CMIC788,2342.643976,18273,34,18239,1,100,2,20,1,2.34,intertidal,OuterIslands,2022-09-11,fifth beach,51.64068,-128.156779,N/A,N/A,N/A,N/A,N/A,N/A,N/A,N/A,N/A,N/A
CMIC788,2650.627136,18052,38,18014,1,100,2,20,1,2.65,intertidal,OuterIslands,2022-09-11,fifth beach,51.64068,-128.156779,N/A,N/A,N/A,N/A,N/A,N/A,N/A,N/A,N/A,N/A
CMIC789,4528.891087,17251,62,17189,1,100,2,20,1,4.53,subtidal,OuterIslands,2022-10-04,Meay,51.66461667,-128.0945833,3,0.005079885,0.001693295,0.001941253,39,13,19,0.65,0.216666667,0.316666667
CMIC789,5098.864555,19034,77,18957,1,100,2,20,1,5.1,subtidal,OuterIslands,2022-10-04,Meay,51.66461667,-128.0945833,3,0.005079885,0.001693295,0.001941253,39,13,19,0.65,0.216666667,0.316666667
CMIC789,4157.75013,17576,58,17518,1,100,2,20,1,4.16,subtidal,OuterIslands,2022-10-04,Meay,51.66461667,-128.0945833,3,0.005079885,0.001693295,0.001941253,39,13,19,0.65,0.216666667,0.316666667
CMIC790,153.4819901,16392,2,16390,1,100,2,20,1,0.15,subtidal,OuterIslands,2022-10-05,kwakshua154,51.64854188,-128.094151,3,0.001515393,5.05E-04,0.001515393,4,1.333333333,4,0.066666667,0.022222222,0.066666667
CMIC790,353.4013927,17799,5,17794,1,100,2,20,1,0.35,subtidal,OuterIslands,2022-10-05,kwakshua154,51.64854188,-128.094151,3,0.001515393,5.05E-04,0.001515393,4,1.333333333,4,0.066666667,0.022222222,0.066666667
CMIC790,744.4289327,16902,10,16892,1,100,2,20,1,0.74,subtidal,OuterIslands,2022-10-05,kwakshua154,51.64854188,-128.094151,3,0.001515393,5.05E-04,0.001515393,4,1.333333333,4,0.066666667,0.022222222,0.066666667
CMIC791,284.9547863,17659,4,17655,1,100,2,20,1,0.28,subtidal,OuterIslands,2022-10-05,kwakshua146,51.65812538,-128.1127092,3,0,0,0,0,0,0,0,0,0
CMIC791,440.2735829,17145,6,17139,1,100,2,20,1,0.44,subtidal,OuterIslands,2022-10-05,kwakshua146,51.65812538,-128.1127092,3,0,0,0,0,0,0,0,0,0
CMIC791,151.79649,16574,2,16572,1,100,2,20,1,0.15,subtidal,OuterIslands,2022-10-05,kwakshua146,51.65812538,-128.1127092,3,0,0,0,0,0,0,0,0,0
CMIC792,297.3492444,16923,4,16919,1,100,2,20,1,0.3,subtidal,OuterIslands,2022-10-05,kwakshua0006,51.65284214,-128.1204474,3,0.003697443,0.001232481,0.002063144,9,3,7,0.15,0.05,0.116666667
CMIC792,697.8040934,18031,10,18021,1,100,2,20,1,0.7,subtidal,OuterIslands,2022-10-05,kwakshua0006,51.65284214,-128.1204474,3,0.003697443,0.001232481,0.002063144,9,3,7,0.15,0.05,0.116666667
CMIC792,680.5689931,14790,8,14782,1,100,2,20,1,0.68,subtidal,OuterIslands,2022-10-05,kwakshua0006,51.65284214,-128.1204474,3,0.003697443,0.001232481,0.002063144,9,3,7,0.15,0.05,0.116666667
CMIC793,6532.123566,17569,91,17478,1,100,2,20,1,6.53,subtidal,Fjord,2022-10-06,burke doc marker,51.9652611,-127.71152,3,0.595619333,0.198539778,0.310588315,72,24,47,1.2,0.4,0.783333333
CMIC793,7437.318802,16454,97,16357,1,100,2,20,1,7.44,subtidal,Fjord,2022-10-06,burke doc marker,51.9652611,-127.71152,3,0.595619333,0.198539778,0.310588315,72,24,47,1.2,0.4,0.783333333
CMIC793,5758.460999,14012,64,13948,1,100,2,20,1,5.76,subtidal,Fjord,2022-10-06,burke doc marker,51.9652611,-127.71152,3,0.595619333,0.198539778,0.310588315,72,24,47,1.2,0.4,0.783333333
CMIC794,3608.686209,9877,25,9852,1,100,2,20,1,3.61,subtidal,Fjord,2022-10-06,burke sagen,51.9258389,-127.88845,3,0.504515594,0.168171865,0.430611656,5,1.666666667,4,0.083333333,0.027777778,0.066666667
CMIC794,4458.925724,17800,35,17765,1,100,2,20,1,4.46,subtidal,Fjord,2022-10-06,burke sagen,51.9258389,-127.88845,3,0.504515594,0.168171865,0.430611656,5,1.666666667,4,0.083333333,0.027777778,0.066666667
CMIC794,3959.481478,14261,26,14235,1,100,2,20,1,3.96,subtidal,Fjord,2022-10-06,burke sagen,51.9258389,-127.88845,3,0.504515594,0.168171865,0.430611656,5,1.666666667,4,0.083333333,0.027777778,0.066666667
CMIC795,415.158689,18182,6,18176,1,100,2,20,1,0.42,subtidal,OuterIslands,2022-10-07,kwakume5050,51.70320511,-127.8827169,3,0.005601389,0.00186713,0.00415096,3,1,2,0.05,0.016666667,0.033333333
CMIC795,450.1741529,16768,6,16762,1,100,2,20,1,0.45,subtidal,OuterIslands,2022-10-07,kwakume5050,51.70320511,-127.8827169,3,0.005601389,0.00186713,0.00415096,3,1,2,0.05,0.016666667,0.033333333
CMIC795,839.7501111,14984,10,14974,1,100,2,20,1,0.84,subtidal,OuterIslands,2022-10-07,kwakume5050,51.70320511,-127.8827169,3,0.005601389,0.00186713,0.00415096,3,1,2,0.05,0.016666667,0.033333333
CMIC796,3595.818996,16815,48,16767,1,100,2,20,1,3.6,subtidal,Fjord,2022-10-08,rivers nelson narrows,51.7700497,-127.43015,3,0.443805524,0.147935175,0.263081086,17,5.666666667,13,0.283333333,0.094444444,0.216666667
CMIC796,3627.744436,16320,47,16273,1,100,2,20,1,3.63,subtidal,Fjord,2022-10-08,rivers nelson narrows,51.7700497,-127.43015,3,0.443805524,0.147935175,0.263081086,17,5.666666667,13,0.283333333,0.094444444,0.216666667
CMIC796,3780.956745,16326,49,16277,1,100,2,20,1,3.78,subtidal,Fjord,2022-10-08,rivers nelson narrows,51.7700497,-127.43015,3,0.443805524,0.147935175,0.263081086,17,5.666666667,13,0.283333333,0.094444444,0.216666667
CMIC797,184534.6527,17618,2404,15214,1,100,2,20,1,184.53,subtidal,Fjord,2022-10-08,rivers hay stacks,51.5396992,-127.5598,3,0.13744917,0.04581639,0.065631336,5,1.666666667,3,0.083333333,0.027777778,0.05
CMIC797,165403.656,16897,2082,14815,1,100,2,20,1,165.4,subtidal,Fjord,2022-10-08,rivers hay stacks,51.5396992,-127.5598,3,0.13744917,0.04581639,0.065631336,5,1.666666667,3,0.083333333,0.027777778,0.05
CMIC797,174710.9985,14474,1877,12597,1,100,2,20,1,174.71,subtidal,Fjord,2022-10-08,rivers hay stacks,51.5396992,-127.5598,3,0.13744917,0.04581639,0.065631336,5,1.666666667,3,0.083333333,0.027777778,0.05
CMIC798,34895.4277,13450,368,13082,1,100,2,20,1,34.9,subtidal,Fjord,2022-10-08,rivers rutherford point,51.65392208,-127.3912655,3,0.254795728,0.084931909,0.190326812,42,14,41,0.7,0.233333333,0.683333333
CMIC798,36116.36353,16146,457,15689,1,100,2,20,1,36.12,subtidal,Fjord,2022-10-08,rivers rutherford point,51.65392208,-127.3912655,3,0.254795728,0.084931909,0.190326812,42,14,41,0.7,0.233333333,0.683333333
CMIC798,42489.87961,14120,469,13651,1,100,2,20,1,42.49,subtidal,Fjord,2022-10-08,rivers rutherford point,51.65392208,-127.3912655,3,0.254795728,0.084931909,0.190326812,42,14,41,0.7,0.233333333,0.683333333
CMIC799,5081.135273,17860,72,17788,1,100,2,20,1,5.08,subtidal,OuterIslands,2022-10-09,mustang0007,51.81054507,-128.0512092,3,0.013302131,0.004434044,0.009083247,7,2.333333333,4,0.116666667,0.038888889,0.066666667
CMIC799,4539.771557,16377,59,16318,1,100,2,20,1,4.54,subtidal,OuterIslands,2022-10-09,mustang0007,51.81054507,-128.0512092,3,0.013302131,0.004434044,0.009083247,7,2.333333333,4,0.116666667,0.038888889,0.066666667
CMIC799,4330.852985,15129,52,15077,1,100,2,20,1,4.33,subtidal,OuterIslands,2022-10-09,mustang0007,51.81054507,-128.0512092,3,0.013302131,0.004434044,0.009083247,7,2.333333333,4,0.116666667,0.038888889,0.066666667
CMIC800,1150.237799,16411,15,16396,1,100,2,20,1,1.15,subtidal,OuterIslands,2022-10-09,mustang315,51.80212005,-128.0528775,3,8.65E-04,2.88E-04,8.38E-04,2,0.666666667,1,0.033333333,0.011111111,0.016666667
CMIC800,583.2111835,15101,7,15094,1,100,2,20,1,0.58,subtidal,OuterIslands,2022-10-09,mustang315,51.80212005,-128.0528775,3,8.65E-04,2.88E-04,8.38E-04,2,0.666666667,1,0.033333333,0.011111111,0.016666667
CMIC800,458.956331,13706,5,13701,1,100,2,20,1,0.46,subtidal,OuterIslands,2022-10-09,mustang315,51.80212005,-128.0528775,3,8.65E-04,2.88E-04,8.38E-04,2,0.666666667,1,0.033333333,0.011111111,0.016666667
CMIC801,636.3370419,17795,9,17786,1,100,2,20,1,0.64,subtidal,OuterIslands,2022-10-09,mustang314,51.79903491,-128.0591485,3,0,0,0,0,0,0,0,0,0
CMIC801,782.5443149,16079,10,16069,1,100,2,20,1,0.78,subtidal,OuterIslands,2022-10-09,mustang314,51.79903491,-128.0591485,3,0,0,0,0,0,0,0,0,0
CMIC801,947.8988051,15930,12,15918,1,100,2,20,1,0.95,subtidal,OuterIslands,2022-10-09,mustang314,51.79903491,-128.0591485,3,0,0,0,0,0,0,0,0,0
CMIC802,4161.155701,18470,61,18409,1,100,2,20,1,4.16,subtidal,OuterIslands,2022-10-10,Choked Pass,51.67482341,-128.1194543,7,0.194776481,0.027825212,0.129708799,36,5.142857143,9,0.6,0.085714286,0.15
CMIC802,3685.547829,16748,49,16699,1,100,2,20,1,3.69,subtidal,OuterIslands,2022-10-10,Choked Pass,51.67482341,-128.1194543,7,0.194776481,0.027825212,0.129708799,36,5.142857143,9,0.6,0.085714286,0.15
CMIC802,5052.968979,15465,62,15403,1,100,2,20,1,5.05,subtidal,OuterIslands,2022-10-10,Choked Pass,51.67482341,-128.1194543,7,0.194776481,0.027825212,0.129708799,36,5.142857143,9,0.6,0.085714286,0.15
CMIC806,64258.16345,18212,907,17305,1,100,2,20,1,64.26,subtidal,OuterIslands,2023-05-10,Choked Pass,51.67482341,-128.1194543,7,0.046197726,0.006599675,0.02102027,55,7.857142857,15,0.916666667,0.130952381,0.25
CMIC806,64072.15881,16411,815,15596,1,100,2,20,1,64.07,subtidal,OuterIslands,2023-05-10,Choked Pass,51.67482341,-128.1194543,7,0.046197726,0.006599675,0.02102027,55,7.857142857,15,0.916666667,0.130952381,0.25
CMIC806,60561.85913,15147,712,14435,1,100,2,20,1,60.56,subtidal,OuterIslands,2023-05-10,Choked Pass,51.67482341,-128.1194543,7,0.046197726,0.006599675,0.02102027,55,7.857142857,15,0.916666667,0.130952381,0.25
CMIC807,10659.33609,18724,158,18566,1,100,2,20,1,10.66,subtidal,OuterIslands,2023-05-11,Meay,51.66461667,-128.0945833,3,0.010609712,0.003536571,0.003865713,54,18,23,0.9,0.3,0.383333333
CMIC807,11772.61066,15458,144,15314,1,100,2,20,1,11.77,subtidal,OuterIslands,2023-05-11,Meay,51.66461667,-128.0945833,3,0.010609712,0.003536571,0.003865713,54,18,23,0.9,0.3,0.383333333
CMIC807,13227.59914,14148,148,14000,1,100,2,20,1,13.23,subtidal,OuterIslands,2023-05-11,Meay,51.66461667,-128.0945833,3,0.010609712,0.003536571,0.003865713,54,18,23,0.9,0.3,0.383333333
CMIC808,27664.711,12228,266,11962,1,100,2,20,1,27.66,subtidal,OuterIslands,2023-05-12,mustang0007,51.81054507,-128.0512092,3,0.017327586,0.005775862,0.007915525,6,2,4,0.1,0.033333333,0.066666667
CMIC808,29462.27264,16976,393,16583,1,100,2,20,1,29.46,subtidal,OuterIslands,2023-05-12,mustang0007,51.81054507,-128.0512092,3,0.017327586,0.005775862,0.007915525,6,2,4,0.1,0.033333333,0.066666667
CMIC808,31445.14656,15756,389,15367,1,100,2,20,1,31.45,subtidal,OuterIslands,2023-05-12,mustang0007,51.81054507,-128.0512092,3,0.017327586,0.005775862,0.007915525,6,2,4,0.1,0.033333333,0.066666667
CMIC809,246.0846305,15336,3,15333,1,100,2,20,1,0.25,subtidal,OuterIslands,2023-05-12,mustang314,51.79903491,-128.0591485,3,8.38E-04,2.79E-04,8.38E-04,1,0.333333333,1,0.016666667,0.005555556,0.016666667
CMIC809,170.4419553,14761,2,14759,1,100,2,20,1,0.17,subtidal,OuterIslands,2023-05-12,mustang314,51.79903491,-128.0591485,3,8.38E-04,2.79E-04,8.38E-04,1,0.333333333,1,0.016666667,0.005555556,0.016666667
CMIC809,207.4252963,18194,3,18191,1,100,2,20,1,0.21,subtidal,OuterIslands,2023-05-12,mustang314,51.79903491,-128.0591485,3,8.38E-04,2.79E-04,8.38E-04,1,0.333333333,1,0.016666667,0.005555556,0.016666667
CMIC810,5526.494503,15055,66,14989,1,100,2,20,1,5.53,subtidal,Fjord,2023-05-13,burke eagle rock,51.9617544,-127.77545,3,0.759872826,0.253290942,0.346836142,44,14.66666667,25,0.733333333,0.244444444,0.416666667
CMIC810,6423.820019,15705,80,15625,1,100,2,20,1,6.42,subtidal,Fjord,2023-05-13,burke eagle rock,51.9617544,-127.77545,3,0.759872826,0.253290942,0.346836142,44,14.66666667,25,0.733333333,0.244444444,0.416666667
CMIC810,3588.983774,16496,47,16449,1,100,2,20,1,3.59,subtidal,Fjord,2023-05-13,burke eagle rock,51.9617544,-127.77545,3,0.759872826,0.253290942,0.346836142,44,14.66666667,25,0.733333333,0.244444444,0.416666667
CMIC811,3889.851093,17489,54,17435,1,100,2,20,1,3.89,subtidal,Fjord,2023-05-13,burke hvidsen,51.9517062,-127.74103,3,0.537418038,0.179139346,0.299143236,25,8.333333333,9,0.416666667,0.138888889,0.15
CMIC811,3133.107424,15677,39,15638,1,100,2,20,1,3.13,subtidal,Fjord,2023-05-13,burke hvidsen,51.9517062,-127.74103,3,0.537418038,0.179139346,0.299143236,25,8.333333333,9,0.416666667,0.138888889,0.15
CMIC811,3060.100079,15639,38,15601,1,100,2,20,1,3.06,subtidal,Fjord,2023-05-13,burke hvidsen,51.9517062,-127.74103,3,0.537418038,0.179139346,0.299143236,25,8.333333333,9,0.416666667,0.138888889,0.15
CMIC812,986.8345857,17852,14,17838,1,100,2,20,1,0.99,subtidal,Fjord,2023-05-13,burke doc marker,51.9652611,-127.71152,3,1.671507916,0.557169305,0.916688186,71,23.66666667,46,1.183333333,0.394444444,0.766666667
CMIC812,1349.849939,15850,17,15833,1,100,2,20,1,1.35,subtidal,Fjord,2023-05-13,burke doc marker,51.9652611,-127.71152,3,1.671507916,0.557169305,0.916688186,71,23.66666667,46,1.183333333,0.394444444,0.766666667
CMIC812,1050.771952,14371,12,14359,1,100,2,20,1,1.05,subtidal,Fjord,2023-05-13,burke doc marker,51.9652611,-127.71152,3,1.671507916,0.557169305,0.916688186,71,23.66666667,46,1.183333333,0.394444444,0.766666667
CMIC814,5763.491154,17281,79,17202,1,100,2,20,1,5.76,subtidal,OuterIslands,2023-05-14,kwakume5041,51.70860511,-127.8769169,3,0.0100255,0.003341833,0.009790319,5,1.666666667,4,0.083333333,0.027777778,0.066666667
CMIC814,6453.717232,14460,74,14386,1,100,2,20,1,6.45,subtidal,OuterIslands,2023-05-14,kwakume5041,51.70860511,-127.8769169,3,0.0100255,0.003341833,0.009790319,5,1.666666667,4,0.083333333,0.027777778,0.066666667
CMIC814,5369.307518,15260,65,15195,1,100,2,20,1,5.37,subtidal,OuterIslands,2023-05-14,kwakume5041,51.70860511,-127.8769169,3,0.0100255,0.003341833,0.009790319,5,1.666666667,4,0.083333333,0.027777778,0.066666667
CMIC817,7915.995121,17853,112,17741,1,100,2,20,1,7.92,subtidal,Fjord,2023-05-15,rivers hay stacks,51.5396992,-127.5598,3,0.713896493,0.237965498,0.407080076,30,10,23,0.5,0.166666667,0.383333333
CMIC817,7525.135517,14586,87,14499,1,100,2,20,1,7.53,subtidal,Fjord,2023-05-15,rivers hay stacks,51.5396992,-127.5598,3,0.713896493,0.237965498,0.407080076,30,10,23,0.5,0.166666667,0.383333333
CMIC817,7240.564823,15506,89,15417,1,100,2,20,1,7.24,subtidal,Fjord,2023-05-15,rivers hay stacks,51.5396992,-127.5598,3,0.713896493,0.237965498,0.407080076,30,10,23,0.5,0.166666667,0.383333333
CMIC818,1891.890407,17965,27,17938,1,100,2,20,1,1.89,subtidal,Fjord,2023-05-15,rivers nelson narrows,51.7700497,-127.43015,3,0.775717464,0.258572488,0.272026087,21,7,10,0.35,0.116666667,0.166666667
CMIC818,2301.813841,15862,29,15833,1,100,2,20,1,2.3,subtidal,Fjord,2023-05-15,rivers nelson narrows,51.7700497,-127.43015,3,0.775717464,0.258572488,0.272026087,21,7,10,0.35,0.116666667,0.166666667
CMIC818,1843.921542,18432,27,18405,1,100,2,20,1,1.84,subtidal,Fjord,2023-05-15,rivers nelson narrows,51.7700497,-127.43015,3,0.775717464,0.258572488,0.272026087,21,7,10,0.35,0.116666667,0.166666667
CMIC819,16973.15788,14922,200,14722,1,100,2,20,1,16.97,subtidal,Fjord,2023-05-15,rivers rutherford point,51.65392208,-127.3912655,3,0.217740944,0.072580315,0.19144115,25,8.333333333,14,0.416666667,0.138888889,0.233333333
CMIC819,14879.02546,14797,174,14623,1,100,2,20,1,14.88,subtidal,Fjord,2023-05-15,rivers rutherford point,51.65392208,-127.3912655,3,0.217740944,0.072580315,0.19144115,25,8.333333333,14,0.416666667,0.138888889,0.233333333
CMIC819,15852.64492,15251,191,15060,1,100,2,20,1,15.85,subtidal,Fjord,2023-05-15,rivers rutherford point,51.65392208,-127.3912655,3,0.217740944,0.072580315,0.19144115,25,8.333333333,14,0.416666667,0.138888889,0.233333333
CMIC820,11869.25125,14055,132,13923,1,100,2,20,1,11.87,subtidal,Fjord,2023-08-27,rivers rutherford point,51.65392208,-127.3912655,3,0.80094987,0.26698329,0.486422302,29,9.666666667,14,0.483333333,0.161111111,0.233333333
CMIC820,11789.35337,14257,133,14124,1,100,2,20,1,11.79,subtidal,Fjord,2023-08-27,rivers rutherford point,51.65392208,-127.3912655,3,0.80094987,0.26698329,0.486422302,29,9.666666667,14,0.483333333,0.161111111,0.233333333
CMIC820,12554.30889,14500,144,14356,1,100,2,20,1,12.55,subtidal,Fjord,2023-08-27,rivers rutherford point,51.65392208,-127.3912655,3,0.80094987,0.26698329,0.486422302,29,9.666666667,14,0.483333333,0.161111111,0.233333333
CMIC828,1739.881396,17363,24,17339,1,100,2,20,1,1.74,subtidal,OuterIslands,2023-09-02,goodlad0001,51.87782047,-128.1523024,3,0,0,0,0,0,0,0,0,0
CMIC828,1437.908411,18381,21,18360,1,100,2,20,1,1.44,subtidal,OuterIslands,2023-09-02,goodlad0001,51.87782047,-128.1523024,3,0,0,0,0,0,0,0,0,0
CMIC828,862.7901077,14584,10,14574,1,100,2,20,1,0.86,subtidal,OuterIslands,2023-09-02,goodlad0001,51.87782047,-128.1523024,3,0,0,0,0,0,0,0,0,0
CMIC829,227.8941125,16560,3,16557,1,100,2,20,1,0.23,subtidal,OuterIslands,2023-09-02,mustang0007,51.81054507,-128.0512092,3,0.027286872,0.009095624,0.016142294,11,3.666666667,8,0.183333333,0.061111111,0.133333333
CMIC829,3543.607235,15996,45,15951,1,100,2,20,1,3.54,subtidal,OuterIslands,2023-09-02,mustang0007,51.81054507,-128.0512092,3,0.027286872,0.009095624,0.016142294,11,3.666666667,8,0.183333333,0.061111111,0.133333333
CMIC829,303.3733368,16587,4,16583,1,100,2,20,1,0.3,subtidal,OuterIslands,2023-09-02,mustang0007,51.81054507,-128.0512092,3,0.027286872,0.009095624,0.016142294,11,3.666666667,8,0.183333333,0.061111111,0.133333333
CMIC830,381.574899,16485,5,16480,1,100,2,20,1,0.38,subtidal,OuterIslands,2023-09-03,Thrasher,51.41033333,-127.9195333,6,0,0,0,0,0,0,0,0,0
CMIC830,295.0129807,17057,4,17053,1,100,2,20,1,0.3,subtidal,OuterIslands,2023-09-03,Thrasher,51.41033333,-127.9195333,6,0,0,0,0,0,0,0,0,0
CMIC830,215.8616185,17483,3,17480,1,100,2,20,1,0.22,subtidal,OuterIslands,2023-09-03,Thrasher,51.41033333,-127.9195333,6,0,0,0,0,0,0,0,0,0
CMIC832,1819.36264,16605,24,16581,1,100,2,20,1,1.82,subtidal,Fjord,2023-09-04,burke sagen,51.9258389,-127.88845,3,0.283805972,0.094601991,0.218339687,5,1.666666667,3,0.083333333,0.027777778,0.05
CMIC832,940.5114055,17393,13,17380,1,100,2,20,1,0.94,subtidal,Fjord,2023-09-04,burke sagen,51.9258389,-127.88845,3,0.283805972,0.094601991,0.218339687,5,1.666666667,3,0.083333333,0.027777778,0.05
CMIC832,1090.338945,16158,14,16144,1,100,2,20,1,1.09,subtidal,Fjord,2023-09-04,burke sagen,51.9258389,-127.88845,3,0.283805972,0.094601991,0.218339687,5,1.666666667,3,0.083333333,0.027777778,0.05
CMIC833,3783.771753,15648,47,15601,1,100,2,20,1,3.78,subtidal,Fjord,2023-09-04,burke eagle rock,51.9617544,-127.77545,3,1.686999114,0.562333038,1.098378029,40,13.33333333,17,0.666666667,0.222222222,0.283333333
CMIC833,3482.976437,17359,48,17311,1,100,2,20,1,3.48,subtidal,Fjord,2023-09-04,burke eagle rock,51.9617544,-127.77545,3,1.686999114,0.562333038,1.098378029,40,13.33333333,17,0.666666667,0.222222222,0.283333333
CMIC833,3697.203159,17036,50,16986,1,100,2,20,1,3.7,subtidal,Fjord,2023-09-04,burke eagle rock,51.9617544,-127.77545,3,1.686999114,0.562333038,1.098378029,40,13.33333333,17,0.666666667,0.222222222,0.283333333
CMIC834,55605.57175,16858,729,16129,1,100,2,20,1,55.61,subtidal,Fjord,2023-09-04,burke hvidsen,51.9517062,-127.74103,3,0.346583698,0.115527899,0.176877149,38,12.66666667,17,0.633333333,0.211111111,0.283333333
CMIC834,52250.31662,15754,641,15113,1,100,2,20,1,52.25,subtidal,Fjord,2023-09-04,burke hvidsen,51.9517062,-127.74103,3,0.346583698,0.115527899,0.176877149,38,12.66666667,17,0.633333333,0.211111111,0.283333333
CMIC834,52127.26593,17367,705,16662,1,100,2,20,1,52.13,subtidal,Fjord,2023-09-04,burke hvidsen,51.9517062,-127.74103,3,0.346583698,0.115527899,0.176877149,38,12.66666667,17,0.633333333,0.211111111,0.283333333
CMIC835,3000.011921,17631,42,17589,1,100,2,20,1,3,subtidal,Fjord,2023-09-04,burke doc marker,51.9652611,-127.71152,3,1.382150881,0.46071696,0.87276678,54,18,33,0.9,0.3,0.55
CMIC835,1798.706174,18895,27,18868,1,100,2,20,1,1.8,subtidal,Fjord,2023-09-04,burke doc marker,51.9652611,-127.71152,3,1.382150881,0.46071696,0.87276678,54,18,33,0.9,0.3,0.55
CMIC835,2156.791925,18095,31,18064,1,100,2,20,1,2.16,subtidal,Fjord,2023-09-04,burke doc marker,51.9652611,-127.71152,3,1.382150881,0.46071696,0.87276678,54,18,33,0.9,0.3,0.55
QMIC4330,0,18233,0,18233,1,100,2,20,1,0,intertidal,Quadra,2021-12-07,annex,50.11535,-125.2201,N/A,N/A,N/A,N/A,N/A,N/A,N/A,N/A,N/A,N/A
QMIC4330,0,14360,0,14360,1,100,2,20,1,0,intertidal,Quadra,2021-12-07,annex,50.11535,-125.2201,N/A,N/A,N/A,N/A,N/A,N/A,N/A,N/A,N/A,N/A
QMIC4330,0,16260,0,16260,1,100,2,20,1,0,intertidal,Quadra,2021-12-07,annex,50.11535,-125.2201,N/A,N/A,N/A,N/A,N/A,N/A,N/A,N/A,N/A,N/A
QMIC4331,0,13271,0,13271,1,100,2,20,1,0,intertidal,Quadra,2021-12-04,shellaligan pass,50.149583,-125.183467,N/A,N/A,N/A,N/A,N/A,N/A,N/A,N/A,N/A,N/A
QMIC4331,0,17976,0,17976,1,100,2,20,1,0,intertidal,Quadra,2021-12-04,shellaligan pass,50.149583,-125.183467,N/A,N/A,N/A,N/A,N/A,N/A,N/A,N/A,N/A,N/A
QMIC4331,0,16014,0,16014,1,100,2,20,1,0,intertidal,Quadra,2021-12-04,shellaligan pass,50.149583,-125.183467,N/A,N/A,N/A,N/A,N/A,N/A,N/A,N/A,N/A,N/A
QMIC4332,0,16965,0,16965,1,100,2,20,1,0,intertidal,Quadra,2021-12-03,moulds bay,N/A,N/A,N/A,N/A,N/A,N/A,N/A,N/A,N/A,N/A,N/A,N/A
QMIC4332,84.37211066,14909,1,14908,1,100,2,20,1,0.08,intertidal,Quadra,2021-12-03,moulds bay,N/A,N/A,N/A,N/A,N/A,N/A,N/A,N/A,N/A,N/A,N/A,N/A
QMIC4332,0,16458,0,16458,1,100,2,20,1,0,intertidal,Quadra,2021-12-03,moulds bay,N/A,N/A,N/A,N/A,N/A,N/A,N/A,N/A,N/A,N/A,N/A,N/A
QMIC4333,424.0221083,17802,6,17796,1,100,2,20,1,0.42,intertidal,Quadra,2022-05-18,annex,50.11535,-125.2201,N/A,N/A,N/A,N/A,N/A,N/A,N/A,N/A,N/A,N/A
QMIC4333,370.0790405,16997,5,16992,1,100,2,20,1,0.37,intertidal,Quadra,2022-05-18,annex,50.11535,-125.2201,N/A,N/A,N/A,N/A,N/A,N/A,N/A,N/A,N/A,N/A
QMIC4333,143.0282146,17590,2,17588,1,100,2,20,1,0.14,intertidal,Quadra,2022-05-18,annex,50.11535,-125.2201,N/A,N/A,N/A,N/A,N/A,N/A,N/A,N/A,N/A,N/A
QMIC4334,0,18135,0,18135,1,100,2,20,1,0,intertidal,Quadra,2022-05-19,shellaligan pass,50.149583,-125.183467,N/A,N/A,N/A,N/A,N/A,N/A,N/A,N/A,N/A,N/A
QMIC4334,0,16115,0,16115,1,100,2,20,1,0,intertidal,Quadra,2022-05-19,shellaligan pass,50.149583,-125.183467,N/A,N/A,N/A,N/A,N/A,N/A,N/A,N/A,N/A,N/A
QMIC4334,0,16645,0,16645,1,100,2,20,1,0,intertidal,Quadra,2022-05-19,shellaligan pass,50.149583,-125.183467,N/A,N/A,N/A,N/A,N/A,N/A,N/A,N/A,N/A,N/A
QMIC4335,0,15725,0,15725,1,100,2,20,1,0,intertidal,Quadra,2022-05-17,moulds bay,N/A,N/A,N/A,N/A,N/A,N/A,N/A,N/A,N/A,N/A,N/A,N/A
QMIC4335,0,15569,0,15569,1,100,2,20,1,0,intertidal,Quadra,2022-05-17,moulds bay,N/A,N/A,N/A,N/A,N/A,N/A,N/A,N/A,N/A,N/A,N/A,N/A
QMIC4335,142.7198797,17628,2,17626,1,100,2,20,1,0.14,intertidal,Quadra,2022-05-17,moulds bay,N/A,N/A,N/A,N/A,N/A,N/A,N/A,N/A,N/A,N/A,N/A,N/A
QMIC4737,221.5390056,17035,3,17032,1,100,2,20,1,0.22,intertidal,Quadra,2022-06-14,shellaligan pass,50.149583,-125.183467,N/A,N/A,N/A,N/A,N/A,N/A,N/A,N/A,N/A,N/A
QMIC4737,0,16210,0,16210,1,100,2,20,1,0,intertidal,Quadra,2022-06-14,shellaligan pass,50.149583,-125.183467,N/A,N/A,N/A,N/A,N/A,N/A,N/A,N/A,N/A,N/A
QMIC4737,214.3656015,17605,3,17602,1,100,2,20,1,0.21,intertidal,Quadra,2022-06-14,shellaligan pass,50.149583,-125.183467,N/A,N/A,N/A,N/A,N/A,N/A,N/A,N/A,N/A,N/A
QMIC4738,0,15633,0,15633,1,100,2,20,1,0,intertidal,Quadra,2022-06-13,moulds bay,N/A,N/A,N/A,N/A,N/A,N/A,N/A,N/A,N/A,N/A,N/A,N/A
QMIC4738,217.7801132,17329,3,17326,1,100,2,20,1,0.22,intertidal,Quadra,2022-06-13,moulds bay,N/A,N/A,N/A,N/A,N/A,N/A,N/A,N/A,N/A,N/A,N/A,N/A
QMIC4738,0,14899,0,14899,1,100,2,20,1,0,intertidal,Quadra,2022-06-13,moulds bay,N/A,N/A,N/A,N/A,N/A,N/A,N/A,N/A,N/A,N/A,N/A,N/A
