Well,Sample description 1,Sample.Type,Larvae Number,Replicate,Target,Conc(copies/µL),pg/µL,Status,Status Reason,Experiment,SampleType,TargetType,Supermix,DyeName(s),Copies/20µLWell,PoissonConfMax,PoissonConfMin,Accepted Droplets,Positives,Negatives,Threshold1,ThresholdSigmaAbove,ThresholdSigmaBelow,MeanAmplitudeOfPositives,MeanAmplitudeOfNegatives,MeanAmplitudeTotal,PoissonConfidenceMax68,PoissonConfidenceMin68,TiltCorrected,Ch1+Ch2+,Ch1+Ch2-,Ch1-Ch2+,Ch1-Ch2-
A01,L-10-A,L,10,A,1,1000000,,Manual,Droplets Analyzed Manually,DQ,Unknown,Unknown,ddPCR Supermix for Probes (No dUTP),FAM,20000000,1000000,10821.98926,16330,16330,0,975.0623169,25.71466827,,7778.030576,,7778.030576,1000000,11807.14258,No,0,0,0,0
A02,L-10-A,L,10,A,1,1000000,,Manual,Droplets Analyzed Manually,DQ,Unknown,Unknown,ddPCR Supermix for Probes (No dUTP),FAM,20000000,1000000,10766.0752,15620,15620,0,975.0623169,25.93339523,,7837.933775,,7837.933775,1000000,11751.22852,No,0,0,0,0
A03,LW-10-A,LW,10,A,1,69.80171204,,Manual,Droplets Analyzed Manually,DQ,Unknown,Unknown,ddPCR Supermix for Probes (No dUTP),FAM,1396.03418,74.10387421,65.51420593,18803,1015,17788,975.0623169,5.984990617,13.74734257,6034.773003,550.8225233,846.8502708,71.99485016,67.61238098,No,0,0,0,0
A04,LW-10-A,LW,10,A,1,66.72628021,,Manual,Droplets Analyzed Manually,DQ,Unknown,Unknown,ddPCR Supermix for Probes (No dUTP),FAM,1334.525635,70.88391876,62.58233643,19220,993,18227,975.0623169,6.382942004,13.46103395,6170.346953,559.8926551,849.7563969,68.84580231,64.61032104,No,0,0,0,0
A05,LW-10-B,LW,10,B,1,95.16732025,,Manual,Droplets Analyzed Manually,DQ,Unknown,Unknown,ddPCR Supermix for Probes (No dUTP),FAM,1903.346436,100.5943069,89.76364899,16290,1187,15103,975.0623169,6.128169252,13.84765092,6131.034442,553.7754804,960.1724348,97.93326569,92.40744781,No,0,0,0,0
A06,LW-10-B,LW,10,B,1,103.1168671,,Manual,Droplets Analyzed Manually,DQ,Unknown,Unknown,ddPCR Supermix for Probes (No dUTP),FAM,2062.337402,108.7825241,97.47661591,16250,1279,14971,975.0623169,6.518831055,13.12802823,6209.426065,559.3754293,1004.077876,106.0043182,100.2360306,No,0,0,0,0
B01,LW-10-C,LW,10,C,1,87.95749664,,Manual,Droplets Analyzed Manually,DQ,Unknown,Unknown,ddPCR Supermix for Probes (No dUTP),FAM,1759.149902,92.98936462,82.94567871,17457,1179,16278,975.0623169,5.344028703,13.38043985,5865.448799,556.165183,914.7402751,90.52225494,85.39795685,No,0,0,0,0
B02,LW-10-C,LW,10,C,1,89.63655853,,Manual,Droplets Analyzed Manually,DQ,Unknown,Unknown,ddPCR Supermix for Probes (No dUTP),FAM,1792.731201,94.72592926,84.56768799,17403,1197,16206,975.0623169,5.88357469,13.60137324,5944.451106,560.6727176,930.9756959,92.23059845,87.04785156,No,0,0,0,0
B03,LW-100-C,LW,100,C,1,1463.983154,,Manual,Droplets Analyzed Manually,DQ,Unknown,Unknown,ddPCR Supermix for Probes (No dUTP),FAM,29279.66406,1491.00708,1437.527588,18727,12879,5848,975.0623169,6.203101775,12.37345878,6206.324081,554.0597039,4441.255352,1477.698364,1450.415894,No,0,0,0,0
B04,LW-100-C,LW,100,C,1,1510.737915,,Manual,Droplets Analyzed Manually,DQ,Unknown,Unknown,ddPCR Supermix for Probes (No dUTP),FAM,30214.75781,1538.436157,1483.636475,18818,13156,5662,975.0623169,6.450659602,11.97698056,6197.698058,554.7172848,4499.82596,1524.793335,1496.837646,No,0,0,0,0
B05,LW-1-A,LW,1,A,1,19.74451637,,Manual,Droplets Analyzed Manually,DQ,Unknown,Unknown,ddPCR Supermix for Probes (No dUTP),FAM,394.8903198,22.00740814,17.48568916,18813,293,18520,975.0623169,4.52069771,14.55918591,5956.279144,547.6419794,631.8779168,20.89854622,18.5915451,No,0,0,0,0
B06,LW-1-A,LW,1,A,1,21.06425095,,Manual,Droplets Analyzed Manually,DQ,Unknown,Unknown,ddPCR Supermix for Probes (No dUTP),FAM,421.2850342,23.33218002,18.80040169,19992,332,19660,975.0623169,5.998194133,13.92445999,6213.924515,556.7763533,650.7225913,22.22084618,19.9087162,No,0,0,0,0
C01,LW-1-B,LW,1,B,1,24.44001198,,Manual,Droplets Analyzed Manually,DQ,Unknown,Unknown,ddPCR Supermix for Probes (No dUTP),FAM,488.8002319,26.98861694,21.89656067,18397,354,18043,975.0623169,6.305450181,13.66462211,6094.949094,555.0413478,661.641736,25.73967552,23.14169121,No,0,0,0,0
C02,LW-1-B,LW,1,B,1,26.54178619,,Manual,Droplets Analyzed Manually,DQ,Unknown,Unknown,ddPCR Supermix for Probes (No dUTP),FAM,530.8356934,29.19591522,23.8932457,18439,385,18054,975.0623169,6.148562568,13.76899347,6166.398659,559.9647637,677.0251819,27.89523315,25.18979073,No,0,0,0,0
C03,L-1-B,L,1,B,1,1566.619507,,Manual,Droplets Analyzed Manually,DQ,Unknown,Unknown,ddPCR Supermix for Probes (No dUTP),FAM,31332.39063,1595.413086,1538.470215,18561,13219,5342,975.0623169,11.27697937,11.82672079,7039.642554,528.072151,5165.562004,1581.227661,1552.178833,No,0,0,0,0
C04,L-1-B,L,1,B,1,1560.615845,,Manual,Droplets Analyzed Manually,DQ,Unknown,Unknown,ddPCR Supermix for Probes (No dUTP),FAM,31212.31641,1590.113647,1531.793945,17577,12494,5083,975.0623169,11.54984448,12.24150373,7079.613067,531.263747,5185.930437,1575.579224,1545.828247,No,0,0,0,0
C05,LW-1000-C,LW,1000,C,1,6634.948242,,Manual,Droplets Analyzed Manually,DQ,Unknown,Unknown,ddPCR Supermix for Probes (No dUTP),FAM,132698.9688,6905.917969,6382.125,17386,17297,89,975.0623169,9.977822051,6.745532772,6793.143678,564.680291,6761.259792,6770.039551,6504.518555,No,0,0,0,0
C06,LW-1000-C,LW,1000,C,1,6256.897461,,Manual,Droplets Analyzed Manually,DQ,Unknown,Unknown,ddPCR Supermix for Probes (No dUTP),FAM,125137.9531,6508.595703,6047.263672,16778,16662,116,975.0623169,11.41781894,10.17073727,6980.73698,560.5503038,6936.348993,6379.024414,6145.586426,No,0,0,0,0
D01,LW-1000-B,LW,1000,B,1,6236.520508,,Manual,Droplets Analyzed Manually,DQ,Unknown,Unknown,ddPCR Supermix for Probes (No dUTP),FAM,124730.4063,6506.847656,6014.137695,14516,14414,102,975.0623169,9.904962595,7.992781058,6971.749352,554.6023458,6926.657798,6367.186523,6118.159668,No,0,0,0,0
D02,LW-1000-B,LW,1000,B,1,6180.441406,,Manual,Droplets Analyzed Manually,DQ,Unknown,Unknown,ddPCR Supermix for Probes (No dUTP),FAM,123608.8281,6427.405273,5974.099121,16333,16213,120,975.0623169,10.8117203,10.75099323,7103.190445,550.7948921,7055.049413,6300.386719,6070.944824,No,0,0,0,0
D03,LW-100-B,LW,100,B,1,1642.549438,,Manual,Droplets Analyzed Manually,DQ,Unknown,Unknown,ddPCR Supermix for Probes (No dUTP),FAM,32850.98828,1671.948608,1613.821533,19369,14121,5248,975.0623169,6.964112484,12.30459633,6312.397808,548.7900848,4750.757386,1657.463135,1627.810425,No,0,0,0,0
D04,LW-100-B,LW,100,B,1,1558.730957,,Manual,Droplets Analyzed Manually,DQ,Unknown,Unknown,ddPCR Supermix for Probes (No dUTP),FAM,31174.61914,1587.403564,1530.69751,18552,13179,5373,975.0623169,7.802555229,11.57678236,6546.900749,557.8774605,4812.369587,1573.27832,1544.35022,No,0,0,0,0
D05,L-10-C,L,10,C,1,1000000,,Manual,Droplets Analyzed Manually,DQ,Unknown,Unknown,ddPCR Supermix for Probes (No dUTP),FAM,20000000,1000000,10909.31641,17504,17504,0,975.0623169,27.987064,,7796.411796,,7796.411796,1000000,11894.4707,No,0,0,0,0
D06,L-10-C,L,10,C,1,1000000,,Manual,Droplets Analyzed Manually,DQ,Unknown,Unknown,ddPCR Supermix for Probes (No dUTP),FAM,20000000,1000000,10875.30078,17037,17037,0,975.0623169,28.82195757,,7882.284251,,7882.284251,1000000,11860.45508,No,0,0,0,0
E01,LW-10000-A,LW,10000,A,1,1000000,,Manual,Droplets Analyzed Manually,DQ,Unknown,Unknown,ddPCR Supermix for Probes (No dUTP),FAM,20000000,1000000,10831.19824,16450,16450,0,975.0623169,12.04811806,,7179.364047,,7179.364047,1000000,11816.35156,No,0,0,0,0
E02,LW-10000-A,LW,10000,A,1,1000000,,Manual,Droplets Analyzed Manually,DQ,Unknown,Unknown,ddPCR Supermix for Probes (No dUTP),FAM,20000000,1000000,10819.52148,16298,16298,0,975.0623169,13.14403726,,7275.718573,,7275.718573,1000000,11804.6748,No,0,0,0,0
E03,LW-100-A,LW,100,A,1,1221.322876,,Manual,Droplets Analyzed Manually,DQ,Unknown,Unknown,ddPCR Supermix for Probes (No dUTP),FAM,24426.45703,1245.195313,1197.89502,17831,11078,6753,975.0623169,7.584945051,12.59243773,6449.435724,553.9591037,4216.686376,1233.446045,1209.315308,No,0,0,0,0
E04,LW-100-A,LW,100,A,1,1229.068481,,Manual,Droplets Analyzed Manually,DQ,Unknown,Unknown,ddPCR Supermix for Probes (No dUTP),FAM,24581.36914,1252.609009,1205.960449,18515,11546,6969,975.0623169,7.122938244,12.10117258,6397.072598,555.9341488,4198.482598,1241.023804,1217.225586,No,0,0,0,0
E05,LW-10000-B,LW,10000,B,1,9140.595703,,Manual,Droplets Analyzed Manually,DQ,Unknown,Unknown,ddPCR Supermix for Probes (No dUTP),FAM,182811.9063,9897.704102,8509.810547,18615,18602,13,975.0623169,10.49608361,3.658592891,6865.5819,576.6921762,6861.189982,9506.724609,8806.787109,No,0,0,0,0
E06,LW-10000-B,LW,10000,B,1,10811.88574,,Manual,Droplets Analyzed Manually,DQ,Unknown,Unknown,ddPCR Supermix for Probes (No dUTP),FAM,216237.7188,12621.05566,9585.867188,16221,16218,3,975.0623169,10.57366035,18.6700929,6941.083952,547.949646,6939.901571,11635.24121,10135.58105,No,0,0,0,0
F01,L-10-B,L,10,B,1,1000000,,Manual,Droplets Analyzed Manually,DQ,Unknown,Unknown,ddPCR Supermix for Probes (No dUTP),FAM,20000000,1000000,10723.15332,15096,15096,0,975.0623169,28.29033493,,7990.307133,,7990.307133,1000000,11708.30762,No,0,0,0,0
F02,L-10-B,L,10,B,1,1000000,,Manual,Droplets Analyzed Manually,DQ,Unknown,Unknown,ddPCR Supermix for Probes (No dUTP),FAM,20000000,1000000,10915.69629,17593,17593,0,975.0623169,27.59202077,,7953.04525,,7953.04525,1000000,11900.84961,No,0,0,0,0
F03,L-1-A,L,1,A,1,1843.259033,,Manual,Droplets Analyzed Manually,DQ,Unknown,Unknown,ddPCR Supermix for Probes (No dUTP),FAM,36865.17969,1877.625732,1809.806274,17607,13540,4067,975.0623169,12.69083426,12.80162544,7007.352136,509.3385761,5506.39109,1860.675659,1826.080078,No,0,0,0,0
F04,L-1-A,L,1,A,1,1763.942383,,Manual,Droplets Analyzed Manually,DQ,Unknown,Unknown,ddPCR Supermix for Probes (No dUTP),FAM,35278.84766,1796.554321,1732.154541,17974,13552,4422,975.0623169,12.88697035,13.56456182,7102.991208,516.6256395,5482.600169,1780.475464,1747.623779,No,0,0,0,0
F05,LW-10000-C,LW,10000,C,1,10493.91309,,Manual,Droplets Analyzed Manually,DQ,Unknown,Unknown,ddPCR Supermix for Probes (No dUTP),FAM,209878.2656,12001.02734,9415.035156,16797,16793,4,975.0623169,8.218602231,7.997563838,6505.761078,575.3410797,6504.348821,11191.63672,9904.876953,No,0,0,0,0
F06,LW-10000-C,LW,10000,C,1,10990.97754,,Manual,Droplets Analyzed Manually,DQ,Unknown,Unknown,ddPCR Supermix for Probes (No dUTP),FAM,219819.5469,12800.14648,9764.958008,18703,18700,3,975.0623169,9.243165643,19.35440082,6659.075676,541.6041463,6658.09442,11814.33301,10314.67285,No,0,0,0,0
G01,LW-FB,FB,NA,NA,1,0.076808944,,Manual,Droplets Analyzed Manually,DQ,Unknown,Unknown,ddPCR Supermix for Probes (No dUTP),FAM,1.536178827,0.366881818,0.003225881,16377,1,16376,975.0623169,,13.56241192,6830.572266,542.0392512,542.4232368,0.191186145,0.02081476,No,0,0,0,0
G02,LW-FB,FB,NA,NA,1,0.21478042,,Manual,Droplets Analyzed Manually,DQ,Unknown,Unknown,ddPCR Supermix for Probes (No dUTP),FAM,4.295608521,0.569319963,0.05097124,17571,3,17568,975.0623169,11.01989871,13.92965308,6297.861816,546.7498598,547.7317809,0.367726445,0.111609653,No,0,0,0,0
G03,LW-1-C,LW,1,C,1,23.14467239,,Manual,Droplets Analyzed Manually,DQ,Unknown,Unknown,ddPCR Supermix for Probes (No dUTP),FAM,462.8934326,25.5213871,20.77243996,20020,365,19655,975.0623169,8.251771048,14.12215332,6329.364646,553.0581993,658.3704797,24.35671997,21.93379211,No,0,0,0,0
G04,LW-1-C,LW,1,C,1,23.76313019,,Manual,Droplets Analyzed Manually,DQ,Unknown,Unknown,ddPCR Supermix for Probes (No dUTP),FAM,475.2626038,26.21691322,21.31412697,19290,361,18929,975.0623169,6.455644489,14.21648798,6155.314248,549.4638279,654.3737295,25.01446152,22.51304245,No,0,0,0,0
G05,EB,EB,NA,NA,1,0,,Manual,Droplets Analyzed Manually,DQ,Unknown,Unknown,ddPCR Supermix for Probes (No dUTP),FAM,0,0.188951999,0,19946,0,19946,975.0623169,,15.34335981,,527.7487595,527.7487595,0.086336687,0,No,0,0,0,0
G06,EB,EB,NA,NA,1,0,,Manual,Droplets Analyzed Manually,DQ,Unknown,Unknown,ddPCR Supermix for Probes (No dUTP),FAM,0,0.190759704,0,19757,0,19757,975.0623169,,15.13675825,,529.7036539,529.7036539,0.087162629,0,No,0,0,0,0
H01,L-1-C,L,1,C,1,2956.723877,,Manual,Droplets Analyzed Manually,DQ,Unknown,Unknown,ddPCR Supermix for Probes (No dUTP),FAM,59134.47656,3019.51001,2896.923096,15381,13915,1466,975.0623169,13.55254673,11.38135686,7261.838239,523.1533969,6619.558025,2988.365967,2925.858154,No,0,0,0,0
H02,L-1-C,L,1,C,1,2936.996338,,Manual,Droplets Analyzed Manually,DQ,Unknown,Unknown,ddPCR Supermix for Probes (No dUTP),FAM,58739.92578,2998.288086,2878.553223,15844,14310,1534,975.0623169,13.00210485,11.35467774,7260.289775,529.8578152,6608.656183,2967.894287,2906.839111,No,0,0,0,0
H03,LW-1000-A,LW,1000,A,1,6398.916992,,Manual,Droplets Analyzed Manually,DQ,Unknown,Unknown,ddPCR Supermix for Probes (No dUTP),FAM,127978.3438,6660.900391,6182.20459,17488,17380,108,975.0623169,13.70133776,11.6512526,7116.639692,551.0824848,7076.093021,6525.766602,6283.695313,No,0,0,0,0
H04,LW-1000-A,LW,1000,A,1,6516.125,,Manual,Droplets Analyzed Manually,DQ,Unknown,Unknown,ddPCR Supermix for Probes (No dUTP),FAM,130322.5,6776.661621,6272.404785,17063,16967,96,975.0623169,13.52832343,8.35042613,7082.269022,555.0078322,7045.545288,6646.108887,6390.462402,No,0,0,0,0
H05,gBlock 50 copies,PC,NA,NA,1,7.574700356,,Manual,Droplets Analyzed Manually,DQ,PosCtrl,Unknown,ddPCR Supermix for Probes (No dUTP),FAM,151.4940033,8.965966225,6.184972286,18988,114,18874,975.0623169,21.35796371,15.53052356,7295.901222,553.9196311,594.3970854,8.284337044,6.865463734,No,0,0,0,0
H06,NTC,NTC,NA,NA,1,0,,Manual,Droplets Analyzed Manually,DQ,NTC,Unknown,ddPCR Supermix for Probes (No dUTP),FAM,0,0.197094902,0,19122,0,19122,975.0623169,,13.69436593,,540.8028695,540.8028695,0.090057217,0,No,0,0,0,0