samp_name	technical_rep_id	assay_name	pcr_plate_id	std_conc	std_conc_unit	quantificationCycle	efficiency	r2	slope	intercept
Pycno_STANDARD_1000-1-Plate:5	1	Pycno	5	2000	copies/reaction	26.383264541626	96.2262802124023	0.969399988651276	-3.41580009460449	36.4639015197754
Pycno_STANDARD_1000-2-Plate:5	2	Pycno	5	2000	copies/reaction	26.1378154754639	96.2262802124023	0.969399988651276	-3.41580009460449	36.4639015197754
Pycno_STANDARD_1000-3-Plate:5	3	Pycno	5	2000	copies/reaction	26.8102416992188	96.2262802124023	0.969399988651276	-3.41580009460449	36.4639015197754
Pycno_STANDARD_1000-4-Plate:5	4	Pycno	5	2000	copies/reaction	26.660343170166	96.2262802124023	0.969399988651276	-3.41580009460449	36.4639015197754
Pycno_STANDARD_1000-5-Plate:5	5	Pycno	5	2000	copies/reaction	27.1495933532715	96.2262802124023	0.969399988651276	-3.41580009460449	36.4639015197754
Pycno_STANDARD_1000-6-Plate:5	6	Pycno	5	2000	copies/reaction	26.3723526000977	96.2262802124023	0.969399988651276	-3.41580009460449	36.4639015197754
Pycno_STANDARD_1000-7-Plate:5	7	Pycno	5	2000	copies/reaction	26.5683631896973	96.2262802124023	0.969399988651276	-3.41580009460449	36.4639015197754
Pycno_STANDARD_1000-8-Plate:5	8	Pycno	5	2000	copies/reaction	26.2503910064697	96.2262802124023	0.969399988651276	-3.41580009460449	36.4639015197754
Pycno_STANDARD_1000-9-Plate:5	9	Pycno	5	2000	copies/reaction	26.2914066314697	96.2262802124023	0.969399988651276	-3.41580009460449	36.4639015197754
Pycno_STANDARD_10000-1-Plate:5	1	Pycno	5	20000	copies/reaction	22.5941047668457	96.2262802124023	0.969399988651276	-3.41580009460449	36.4639015197754
Pycno_STANDARD_100-1-Plate:5	1	Pycno	5	200	copies/reaction	29.5241031646729	96.2262802124023	0.969399988651276	-3.41580009460449	36.4639015197754
Pycno_STANDARD_100-2-Plate:5	2	Pycno	5	200	copies/reaction	29.4903182983398	96.2262802124023	0.969399988651276	-3.41580009460449	36.4639015197754
Pycno_STANDARD_100-3-Plate:5	3	Pycno	5	200	copies/reaction	29.3227481842041	96.2262802124023	0.969399988651276	-3.41580009460449	36.4639015197754
Pycno_STANDARD_100-4-Plate:5	4	Pycno	5	200	copies/reaction	29.4914417266846	96.2262802124023	0.969399988651276	-3.41580009460449	36.4639015197754
Pycno_STANDARD_100-5-Plate:5	5	Pycno	5	200	copies/reaction	29.909122467041	96.2262802124023	0.969399988651276	-3.41580009460449	36.4639015197754
Pycno_STANDARD_100-6-Plate:5	6	Pycno	5	200	copies/reaction	29.1507949829102	96.2262802124023	0.969399988651276	-3.41580009460449	36.4639015197754
Pycno_STANDARD_100-7-Plate:5	7	Pycno	5	200	copies/reaction	31.3467788696289	96.2262802124023	0.969399988651276	-3.41580009460449	36.4639015197754
Pycno_STANDARD_100-8-Plate:5	8	Pycno	5	200	copies/reaction	30.4968452453613	96.2262802124023	0.969399988651276	-3.41580009460449	36.4639015197754
Pycno_STANDARD_100-9-Plate:5	9	Pycno	5	200	copies/reaction	29.3915748596191	96.2262802124023	0.969399988651276	-3.41580009460449	36.4639015197754
Pycno_STANDARD_100-10-Plate:5	10	Pycno	5	200	copies/reaction	29.6392803192139	96.2262802124023	0.969399988651276	-3.41580009460449	36.4639015197754
Pycno_STANDARD_100-11-Plate:5	11	Pycno	5	200	copies/reaction	29.3835582733154	96.2262802124023	0.969399988651276	-3.41580009460449	36.4639015197754
Pycno_STANDARD_100-12-Plate:5	12	Pycno	5	200	copies/reaction	29.7891960144043	96.2262802124023	0.969399988651276	-3.41580009460449	36.4639015197754
Pycno_STANDARD_10000-2-Plate:5	2	Pycno	5	20000	copies/reaction	22.4321937561035	96.2262802124023	0.969399988651276	-3.41580009460449	36.4639015197754
Pycno_STANDARD_10-1-Plate:5	1	Pycno	5	20	copies/reaction	33.6921691894531	96.2262802124023	0.969399988651276	-3.41580009460449	36.4639015197754
Pycno_STANDARD_10-2-Plate:5	2	Pycno	5	20	copies/reaction	33.0500221252441	96.2262802124023	0.969399988651276	-3.41580009460449	36.4639015197754
Pycno_STANDARD_10-3-Plate:5	3	Pycno	5	20	copies/reaction	33.02783203125	96.2262802124023	0.969399988651276	-3.41580009460449	36.4639015197754
Pycno_STANDARD_10-4-Plate:5	4	Pycno	5	20	copies/reaction	33.6263885498047	96.2262802124023	0.969399988651276	-3.41580009460449	36.4639015197754
Pycno_STANDARD_10-5-Plate:5	5	Pycno	5	20	copies/reaction	33.1352424621582	96.2262802124023	0.969399988651276	-3.41580009460449	36.4639015197754
Pycno_STANDARD_10-6-Plate:5	6	Pycno	5	20	copies/reaction	33.1436996459961	96.2262802124023	0.969399988651276	-3.41580009460449	36.4639015197754
Pycno_STANDARD_10-7-Plate:5	7	Pycno	5	20	copies/reaction	35.0129280090332	96.2262802124023	0.969399988651276	-3.41580009460449	36.4639015197754
Pycno_STANDARD_10-8-Plate:5	8	Pycno	5	20	copies/reaction	32.9438323974609	96.2262802124023	0.969399988651276	-3.41580009460449	36.4639015197754
Pycno_STANDARD_10-9-Plate:5	9	Pycno	5	20	copies/reaction	33.5204200744629	96.2262802124023	0.969399988651276	-3.41580009460449	36.4639015197754
Pycno_STANDARD_10-10-Plate:5	10	Pycno	5	20	copies/reaction	33.0949974060059	96.2262802124023	0.969399988651276	-3.41580009460449	36.4639015197754
Pycno_STANDARD_10-11-Plate:5	11	Pycno	5	20	copies/reaction	33.3360404968262	96.2262802124023	0.969399988651276	-3.41580009460449	36.4639015197754
Pycno_STANDARD_10-12-Plate:5	12	Pycno	5	20	copies/reaction	33.2493743896484	96.2262802124023	0.969399988651276	-3.41580009460449	36.4639015197754
Pycno_STANDARD_10000-3-Plate:5	3	Pycno	5	20000	copies/reaction	22.4463977813721	96.2262802124023	0.969399988651276	-3.41580009460449	36.4639015197754
Pycno_STANDARD_5-1-Plate:5	1	Pycno	5	10	copies/reaction	34.6117553710938	96.2262802124023	0.969399988651276	-3.41580009460449	36.4639015197754
Pycno_STANDARD_5-2-Plate:5	2	Pycno	5	10	copies/reaction	36.9074668884277	96.2262802124023	0.969399988651276	-3.41580009460449	36.4639015197754
Pycno_STANDARD_5-3-Plate:5	3	Pycno	5	10	copies/reaction	34.5031471252441	96.2262802124023	0.969399988651276	-3.41580009460449	36.4639015197754
Pycno_STANDARD_5-4-Plate:5	4	Pycno	5	10	copies/reaction	34.0842475891113	96.2262802124023	0.969399988651276	-3.41580009460449	36.4639015197754
Pycno_STANDARD_5-5-Plate:5	5	Pycno	5	10	copies/reaction	33.6438636779785	96.2262802124023	0.969399988651276	-3.41580009460449	36.4639015197754
Pycno_STANDARD_5-6-Plate:5	6	Pycno	5	10	copies/reaction	34.0403709411621	96.2262802124023	0.969399988651276	-3.41580009460449	36.4639015197754
Pycno_STANDARD_5-7-Plate:5	7	Pycno	5	10	copies/reaction	34.8292274475098	96.2262802124023	0.969399988651276	-3.41580009460449	36.4639015197754
Pycno_STANDARD_5-8-Plate:5	8	Pycno	5	10	copies/reaction	34.0867691040039	96.2262802124023	0.969399988651276	-3.41580009460449	36.4639015197754
Pycno_STANDARD_5-9-Plate:5	9	Pycno	5	10	copies/reaction	33.8216819763184	96.2262802124023	0.969399988651276	-3.41580009460449	36.4639015197754
Pycno_STANDARD_5-10-Plate:5	10	Pycno	5	10	copies/reaction	33.7954711914062	96.2262802124023	0.969399988651276	-3.41580009460449	36.4639015197754
Pycno_STANDARD_5-11-Plate:5	11	Pycno	5	10	copies/reaction	36.3687210083008	96.2262802124023	0.969399988651276	-3.41580009460449	36.4639015197754
Pycno_STANDARD_5-12-Plate:5	12	Pycno	5	10	copies/reaction	34.878490447998	96.2262802124023	0.969399988651276	-3.41580009460449	36.4639015197754
Pycno_STANDARD_10000-4-Plate:5	4	Pycno	5	20000	copies/reaction	22.1868553161621	96.2262802124023	0.969399988651276	-3.41580009460449	36.4639015197754
Pycno_STANDARD_2.5-1-Plate:5	1	Pycno	5	5	copies/reaction	34.2509346008301	96.2262802124023	0.969399988651276	-3.41580009460449	36.4639015197754
Pycno_STANDARD_2.5-2-Plate:5	2	Pycno	5	5	copies/reaction	34.0798072814941	96.2262802124023	0.969399988651276	-3.41580009460449	36.4639015197754
Pycno_STANDARD_2.5-3-Plate:5	3	Pycno	5	5	copies/reaction	35.3071022033691	96.2262802124023	0.969399988651276	-3.41580009460449	36.4639015197754
Pycno_STANDARD_2.5-4-Plate:5	4	Pycno	5	5	copies/reaction	34.8400115966797	96.2262802124023	0.969399988651276	-3.41580009460449	36.4639015197754
Pycno_STANDARD_2.5-5-Plate:5	5	Pycno	5	5	copies/reaction	33.8305969238281	96.2262802124023	0.969399988651276	-3.41580009460449	36.4639015197754
Pycno_STANDARD_2.5-6-Plate:5	6	Pycno	5	5	copies/reaction	35.5423164367676	96.2262802124023	0.969399988651276	-3.41580009460449	36.4639015197754
Pycno_STANDARD_2.5-7-Plate:5	7	Pycno	5	5	copies/reaction	35.1133613586426	96.2262802124023	0.969399988651276	-3.41580009460449	36.4639015197754
Pycno_STANDARD_2.5-8-Plate:5	8	Pycno	5	5	copies/reaction	33.7442741394043	96.2262802124023	0.969399988651276	-3.41580009460449	36.4639015197754
Pycno_STANDARD_2.5-9-Plate:5	9	Pycno	5	5	copies/reaction	35.2524604797363	96.2262802124023	0.969399988651276	-3.41580009460449	36.4639015197754
Pycno_STANDARD_2.5-10-Plate:5	10	Pycno	5	5	copies/reaction	37.4584312438965	96.2262802124023	0.969399988651276	-3.41580009460449	36.4639015197754
Pycno_STANDARD_2.5-11-Plate:5	11	Pycno	5	5	copies/reaction	34.3213539123535	96.2262802124023	0.969399988651276	-3.41580009460449	36.4639015197754
Pycno_STANDARD_2.5-12-Plate:5	12	Pycno	5	5	copies/reaction	34.8964042663574	96.2262802124023	0.969399988651276	-3.41580009460449	36.4639015197754
Pycno_STANDARD_10000-5-Plate:5	5	Pycno	5	20000	copies/reaction	22.2051010131836	96.2262802124023	0.969399988651276	-3.41580009460449	36.4639015197754
Pycno_STANDARD_1-1-Plate:5	1	Pycno	5	2	copies/reaction	NA	96.2262802124023	0.969399988651276	-3.41580009460449	36.4639015197754
Pycno_STANDARD_1-2-Plate:5	2	Pycno	5	2	copies/reaction	37.7616310119629	96.2262802124023	0.969399988651276	-3.41580009460449	36.4639015197754
Pycno_STANDARD_1-3-Plate:5	3	Pycno	5	2	copies/reaction	38.0058975219727	96.2262802124023	0.969399988651276	-3.41580009460449	36.4639015197754
Pycno_STANDARD_1-4-Plate:5	4	Pycno	5	2	copies/reaction	35.5838432312012	96.2262802124023	0.969399988651276	-3.41580009460449	36.4639015197754
Pycno_STANDARD_1-5-Plate:5	5	Pycno	5	2	copies/reaction	36.9707794189453	96.2262802124023	0.969399988651276	-3.41580009460449	36.4639015197754
Pycno_STANDARD_1-6-Plate:5	6	Pycno	5	2	copies/reaction	36.8199501037598	96.2262802124023	0.969399988651276	-3.41580009460449	36.4639015197754
Pycno_STANDARD_1-7-Plate:5	7	Pycno	5	2	copies/reaction	36.5155601501465	96.2262802124023	0.969399988651276	-3.41580009460449	36.4639015197754
Pycno_STANDARD_1-8-Plate:5	8	Pycno	5	2	copies/reaction	37.3416175842285	96.2262802124023	0.969399988651276	-3.41580009460449	36.4639015197754
Pycno_STANDARD_1-9-Plate:5	9	Pycno	5	2	copies/reaction	36.5403022766113	96.2262802124023	0.969399988651276	-3.41580009460449	36.4639015197754
Pycno_STANDARD_1-10-Plate:5	10	Pycno	5	2	copies/reaction	36.058479309082	96.2262802124023	0.969399988651276	-3.41580009460449	36.4639015197754
Pycno_STANDARD_1-11-Plate:5	11	Pycno	5	2	copies/reaction	35.4624481201172	96.2262802124023	0.969399988651276	-3.41580009460449	36.4639015197754
Pycno_STANDARD_1-12-Plate:5	12	Pycno	5	2	copies/reaction	36.4988594055176	96.2262802124023	0.969399988651276	-3.41580009460449	36.4639015197754
Pycno_STANDARD_10000-6-Plate:5	6	Pycno	5	20000	copies/reaction	22.5118541717529	96.2262802124023	0.969399988651276	-3.41580009460449	36.4639015197754
Pycno_STANDARD_0.8-1-Plate:5	1	Pycno	5	1.60000002384186	copies/reaction	36.3887023925781	96.2262802124023	0.969399988651276	-3.41580009460449	36.4639015197754
Pycno_STANDARD_0.8-2-Plate:5	2	Pycno	5	1.60000002384186	copies/reaction	35.7332763671875	96.2262802124023	0.969399988651276	-3.41580009460449	36.4639015197754
Pycno_STANDARD_0.8-3-Plate:5	3	Pycno	5	1.60000002384186	copies/reaction	37.7244567871094	96.2262802124023	0.969399988651276	-3.41580009460449	36.4639015197754
Pycno_STANDARD_0.8-4-Plate:5	4	Pycno	5	1.60000002384186	copies/reaction	NA	96.2262802124023	0.969399988651276	-3.41580009460449	36.4639015197754
Pycno_STANDARD_0.8-5-Plate:5	5	Pycno	5	1.60000002384186	copies/reaction	36.2132339477539	96.2262802124023	0.969399988651276	-3.41580009460449	36.4639015197754
Pycno_STANDARD_0.8-6-Plate:5	6	Pycno	5	1.60000002384186	copies/reaction	NA	96.2262802124023	0.969399988651276	-3.41580009460449	36.4639015197754
Pycno_STANDARD_0.8-7-Plate:5	7	Pycno	5	1.60000002384186	copies/reaction	37.2147216796875	96.2262802124023	0.969399988651276	-3.41580009460449	36.4639015197754
Pycno_STANDARD_0.8-8-Plate:5	8	Pycno	5	1.60000002384186	copies/reaction	NA	96.2262802124023	0.969399988651276	-3.41580009460449	36.4639015197754
Pycno_STANDARD_0.8-9-Plate:5	9	Pycno	5	1.60000002384186	copies/reaction	38.5650100708008	96.2262802124023	0.969399988651276	-3.41580009460449	36.4639015197754
Pycno_STANDARD_0.8-10-Plate:5	10	Pycno	5	1.60000002384186	copies/reaction	35.6877517700195	96.2262802124023	0.969399988651276	-3.41580009460449	36.4639015197754
Pycno_STANDARD_0.8-11-Plate:5	11	Pycno	5	1.60000002384186	copies/reaction	36.9592132568359	96.2262802124023	0.969399988651276	-3.41580009460449	36.4639015197754
Pycno_STANDARD_0.8-12-Plate:5	12	Pycno	5	1.60000002384186	copies/reaction	NA	96.2262802124023	0.969399988651276	-3.41580009460449	36.4639015197754
Pycno_STANDARD_10000-7-Plate:5	7	Pycno	5	20000	copies/reaction	22.5018310546875	96.2262802124023	0.969399988651276	-3.41580009460449	36.4639015197754
Pycno_STANDARD_0.4-1-Plate:5	1	Pycno	5	0.800000011920929	copies/reaction	NA	96.2262802124023	0.969399988651276	-3.41580009460449	36.4639015197754
Pycno_STANDARD_0.4-2-Plate:5	2	Pycno	5	0.800000011920929	copies/reaction	37.0375862121582	96.2262802124023	0.969399988651276	-3.41580009460449	36.4639015197754
Pycno_STANDARD_0.4-3-Plate:5	3	Pycno	5	0.800000011920929	copies/reaction	NA	96.2262802124023	0.969399988651276	-3.41580009460449	36.4639015197754
Pycno_STANDARD_0.4-4-Plate:5	4	Pycno	5	0.800000011920929	copies/reaction	37.6972045898438	96.2262802124023	0.969399988651276	-3.41580009460449	36.4639015197754
Pycno_STANDARD_0.4-5-Plate:5	5	Pycno	5	0.800000011920929	copies/reaction	NA	96.2262802124023	0.969399988651276	-3.41580009460449	36.4639015197754
Pycno_STANDARD_0.4-6-Plate:5	6	Pycno	5	0.800000011920929	copies/reaction	NA	96.2262802124023	0.969399988651276	-3.41580009460449	36.4639015197754
Pycno_STANDARD_0.4-7-Plate:5	7	Pycno	5	0.800000011920929	copies/reaction	36.4047584533691	96.2262802124023	0.969399988651276	-3.41580009460449	36.4639015197754
Pycno_STANDARD_0.4-8-Plate:5	8	Pycno	5	0.800000011920929	copies/reaction	NA	96.2262802124023	0.969399988651276	-3.41580009460449	36.4639015197754
Pycno_STANDARD_0.4-9-Plate:5	9	Pycno	5	0.800000011920929	copies/reaction	NA	96.2262802124023	0.969399988651276	-3.41580009460449	36.4639015197754
Pycno_STANDARD_0.4-10-Plate:5	10	Pycno	5	0.800000011920929	copies/reaction	NA	96.2262802124023	0.969399988651276	-3.41580009460449	36.4639015197754
Pycno_STANDARD_0.4-11-Plate:5	11	Pycno	5	0.800000011920929	copies/reaction	NA	96.2262802124023	0.969399988651276	-3.41580009460449	36.4639015197754
Pycno_STANDARD_0.4-12-Plate:5	12	Pycno	5	0.800000011920929	copies/reaction	38.1833686828613	96.2262802124023	0.969399988651276	-3.41580009460449	36.4639015197754
Pycno_STANDARD_10000-8-Plate:5	8	Pycno	5	20000	copies/reaction	22.5128479003906	96.2262802124023	0.969399988651276	-3.41580009460449	36.4639015197754
Pycno_STANDARD_1000-10-Plate:5	10	Pycno	5	2000	copies/reaction	26.6725692749023	96.2262802124023	0.969399988651276	-3.41580009460449	36.4639015197754
Pycno_STANDARD_1000-11-Plate:5	11	Pycno	5	2000	copies/reaction	26.3572635650635	96.2262802124023	0.969399988651276	-3.41580009460449	36.4639015197754
Pycno_STANDARD_1000-12-Plate:5	12	Pycno	5	2000	copies/reaction	27.128589630127	96.2262802124023	0.969399988651276	-3.41580009460449	36.4639015197754
Pycno_STANDARD_1000-13-Plate:5	13	Pycno	5	2000	copies/reaction	26.1891632080078	96.2262802124023	0.969399988651276	-3.41580009460449	36.4639015197754
Pycno_STANDARD_1000-14-Plate:5	14	Pycno	5	2000	copies/reaction	25.9696044921875	96.2262802124023	0.969399988651276	-3.41580009460449	36.4639015197754
Pycno_STANDARD_1000-15-Plate:5	15	Pycno	5	2000	copies/reaction	25.9876575469971	96.2262802124023	0.969399988651276	-3.41580009460449	36.4639015197754
Pycno_STANDARD_1000-16-Plate:5	16	Pycno	5	2000	copies/reaction	25.9181861877441	96.2262802124023	0.969399988651276	-3.41580009460449	36.4639015197754
Pycno_STANDARD_1000-17-Plate:5	17	Pycno	5	2000	copies/reaction	27.7366466522217	96.2262802124023	0.969399988651276	-3.41580009460449	36.4639015197754
Pycno_STANDARD_1000-18-Plate:5	18	Pycno	5	2000	copies/reaction	26.0847148895264	96.2262802124023	0.969399988651276	-3.41580009460449	36.4639015197754
Pycno_STANDARD_1000-19-Plate:5	19	Pycno	5	2000	copies/reaction	26.110782623291	96.2262802124023	0.969399988651276	-3.41580009460449	36.4639015197754
Pycno_STANDARD_1000-20-Plate:5	20	Pycno	5	2000	copies/reaction	26.1267929077148	96.2262802124023	0.969399988651276	-3.41580009460449	36.4639015197754
Pycno_STANDARD_1000-21-Plate:5	21	Pycno	5	2000	copies/reaction	26.1203231811523	96.2262802124023	0.969399988651276	-3.41580009460449	36.4639015197754
Pycno_STANDARD_10000-9-Plate:5	9	Pycno	5	20000	copies/reaction	22.4668865203857	96.2262802124023	0.969399988651276	-3.41580009460449	36.4639015197754
Pycno_STANDARD_100-13-Plate:5	13	Pycno	5	200	copies/reaction	29.7329978942871	96.2262802124023	0.969399988651276	-3.41580009460449	36.4639015197754
Pycno_STANDARD_100-14-Plate:5	14	Pycno	5	200	copies/reaction	29.6269721984863	96.2262802124023	0.969399988651276	-3.41580009460449	36.4639015197754
Pycno_STANDARD_100-15-Plate:5	15	Pycno	5	200	copies/reaction	29.9386253356934	96.2262802124023	0.969399988651276	-3.41580009460449	36.4639015197754
Pycno_STANDARD_100-16-Plate:5	16	Pycno	5	200	copies/reaction	29.645959854126	96.2262802124023	0.969399988651276	-3.41580009460449	36.4639015197754
Pycno_STANDARD_100-17-Plate:5	17	Pycno	5	200	copies/reaction	29.7793865203857	96.2262802124023	0.969399988651276	-3.41580009460449	36.4639015197754
Pycno_STANDARD_100-18-Plate:5	18	Pycno	5	200	copies/reaction	29.3671932220459	96.2262802124023	0.969399988651276	-3.41580009460449	36.4639015197754
Pycno_STANDARD_100-19-Plate:5	19	Pycno	5	200	copies/reaction	29.261625289917	96.2262802124023	0.969399988651276	-3.41580009460449	36.4639015197754
Pycno_STANDARD_100-20-Plate:5	20	Pycno	5	200	copies/reaction	29.8306465148926	96.2262802124023	0.969399988651276	-3.41580009460449	36.4639015197754
Pycno_STANDARD_100-21-Plate:5	21	Pycno	5	200	copies/reaction	29.7156429290771	96.2262802124023	0.969399988651276	-3.41580009460449	36.4639015197754
Pycno_STANDARD_100-22-Plate:5	22	Pycno	5	200	copies/reaction	29.5490264892578	96.2262802124023	0.969399988651276	-3.41580009460449	36.4639015197754
Pycno_STANDARD_100-23-Plate:5	23	Pycno	5	200	copies/reaction	29.539966583252	96.2262802124023	0.969399988651276	-3.41580009460449	36.4639015197754
Pycno_STANDARD_100-24-Plate:5	24	Pycno	5	200	copies/reaction	29.4227638244629	96.2262802124023	0.969399988651276	-3.41580009460449	36.4639015197754
Pycno_STANDARD_10000-10-Plate:5	10	Pycno	5	20000	copies/reaction	22.5227165222168	96.2262802124023	0.969399988651276	-3.41580009460449	36.4639015197754
Pycno_STANDARD_10-13-Plate:5	13	Pycno	5	20	copies/reaction	32.4432106018066	96.2262802124023	0.969399988651276	-3.41580009460449	36.4639015197754
Pycno_STANDARD_10-14-Plate:5	14	Pycno	5	20	copies/reaction	32.9668121337891	96.2262802124023	0.969399988651276	-3.41580009460449	36.4639015197754
Pycno_STANDARD_10-15-Plate:5	15	Pycno	5	20	copies/reaction	33.3022918701172	96.2262802124023	0.969399988651276	-3.41580009460449	36.4639015197754
Pycno_STANDARD_10-16-Plate:5	16	Pycno	5	20	copies/reaction	33.6793441772461	96.2262802124023	0.969399988651276	-3.41580009460449	36.4639015197754
Pycno_STANDARD_10-17-Plate:5	17	Pycno	5	20	copies/reaction	33.5308570861816	96.2262802124023	0.969399988651276	-3.41580009460449	36.4639015197754
Pycno_STANDARD_10-18-Plate:5	18	Pycno	5	20	copies/reaction	32.6396598815918	96.2262802124023	0.969399988651276	-3.41580009460449	36.4639015197754
Pycno_STANDARD_10-19-Plate:5	19	Pycno	5	20	copies/reaction	32.9065933227539	96.2262802124023	0.969399988651276	-3.41580009460449	36.4639015197754
Pycno_STANDARD_10-20-Plate:5	20	Pycno	5	20	copies/reaction	32.7103614807129	96.2262802124023	0.969399988651276	-3.41580009460449	36.4639015197754
Pycno_STANDARD_10-21-Plate:5	21	Pycno	5	20	copies/reaction	32.8967361450195	96.2262802124023	0.969399988651276	-3.41580009460449	36.4639015197754
Pycno_STANDARD_10-22-Plate:5	22	Pycno	5	20	copies/reaction	33.2681427001953	96.2262802124023	0.969399988651276	-3.41580009460449	36.4639015197754
Pycno_STANDARD_10-23-Plate:5	23	Pycno	5	20	copies/reaction	32.5515632629395	96.2262802124023	0.969399988651276	-3.41580009460449	36.4639015197754
Pycno_STANDARD_10-24-Plate:5	24	Pycno	5	20	copies/reaction	33.021369934082	96.2262802124023	0.969399988651276	-3.41580009460449	36.4639015197754
Pycno_STANDARD_10000-11-Plate:5	11	Pycno	5	20000	copies/reaction	22.4986553192139	96.2262802124023	0.969399988651276	-3.41580009460449	36.4639015197754
Pycno_STANDARD_5-13-Plate:5	13	Pycno	5	10	copies/reaction	33.8951721191406	96.2262802124023	0.969399988651276	-3.41580009460449	36.4639015197754
Pycno_STANDARD_5-14-Plate:5	14	Pycno	5	10	copies/reaction	34.9093284606934	96.2262802124023	0.969399988651276	-3.41580009460449	36.4639015197754
Pycno_STANDARD_5-15-Plate:5	15	Pycno	5	10	copies/reaction	35.1427421569824	96.2262802124023	0.969399988651276	-3.41580009460449	36.4639015197754
Pycno_STANDARD_5-16-Plate:5	16	Pycno	5	10	copies/reaction	33.412281036377	96.2262802124023	0.969399988651276	-3.41580009460449	36.4639015197754
Pycno_STANDARD_5-17-Plate:5	17	Pycno	5	10	copies/reaction	34.8088531494141	96.2262802124023	0.969399988651276	-3.41580009460449	36.4639015197754
Pycno_STANDARD_5-18-Plate:5	18	Pycno	5	10	copies/reaction	33.6233749389648	96.2262802124023	0.969399988651276	-3.41580009460449	36.4639015197754
Pycno_STANDARD_5-19-Plate:5	19	Pycno	5	10	copies/reaction	34.266429901123	96.2262802124023	0.969399988651276	-3.41580009460449	36.4639015197754
Pycno_STANDARD_5-20-Plate:5	20	Pycno	5	10	copies/reaction	33.986515045166	96.2262802124023	0.969399988651276	-3.41580009460449	36.4639015197754
Pycno_STANDARD_5-21-Plate:5	21	Pycno	5	10	copies/reaction	33.1863670349121	96.2262802124023	0.969399988651276	-3.41580009460449	36.4639015197754
Pycno_STANDARD_5-22-Plate:5	22	Pycno	5	10	copies/reaction	33.1423072814941	96.2262802124023	0.969399988651276	-3.41580009460449	36.4639015197754
Pycno_STANDARD_5-23-Plate:5	23	Pycno	5	10	copies/reaction	34.0034027099609	96.2262802124023	0.969399988651276	-3.41580009460449	36.4639015197754
Pycno_STANDARD_5-24-Plate:5	24	Pycno	5	10	copies/reaction	34.5410804748535	96.2262802124023	0.969399988651276	-3.41580009460449	36.4639015197754
Pycno_STANDARD_10000-12-Plate:5	12	Pycno	5	20000	copies/reaction	22.6656188964844	96.2262802124023	0.969399988651276	-3.41580009460449	36.4639015197754
Pycno_STANDARD_2.5-13-Plate:5	13	Pycno	5	5	copies/reaction	33.990852355957	96.2262802124023	0.969399988651276	-3.41580009460449	36.4639015197754
Pycno_STANDARD_2.5-14-Plate:5	14	Pycno	5	5	copies/reaction	35.4278297424316	96.2262802124023	0.969399988651276	-3.41580009460449	36.4639015197754
Pycno_STANDARD_2.5-15-Plate:5	15	Pycno	5	5	copies/reaction	35.529411315918	96.2262802124023	0.969399988651276	-3.41580009460449	36.4639015197754
Pycno_STANDARD_2.5-16-Plate:5	16	Pycno	5	5	copies/reaction	35.3475723266602	96.2262802124023	0.969399988651276	-3.41580009460449	36.4639015197754
Pycno_STANDARD_2.5-17-Plate:5	17	Pycno	5	5	copies/reaction	34.7947463989258	96.2262802124023	0.969399988651276	-3.41580009460449	36.4639015197754
Pycno_STANDARD_2.5-18-Plate:5	18	Pycno	5	5	copies/reaction	33.8029861450195	96.2262802124023	0.969399988651276	-3.41580009460449	36.4639015197754
Pycno_STANDARD_2.5-19-Plate:5	19	Pycno	5	5	copies/reaction	34.5577697753906	96.2262802124023	0.969399988651276	-3.41580009460449	36.4639015197754
Pycno_STANDARD_2.5-20-Plate:5	20	Pycno	5	5	copies/reaction	33.8383255004883	96.2262802124023	0.969399988651276	-3.41580009460449	36.4639015197754
Pycno_STANDARD_2.5-21-Plate:5	21	Pycno	5	5	copies/reaction	34.0119209289551	96.2262802124023	0.969399988651276	-3.41580009460449	36.4639015197754
Pycno_STANDARD_2.5-22-Plate:5	22	Pycno	5	5	copies/reaction	35.3090858459473	96.2262802124023	0.969399988651276	-3.41580009460449	36.4639015197754
Pycno_STANDARD_2.5-23-Plate:5	23	Pycno	5	5	copies/reaction	34.5316047668457	96.2262802124023	0.969399988651276	-3.41580009460449	36.4639015197754
Pycno_STANDARD_2.5-24-Plate:5	24	Pycno	5	5	copies/reaction	34.68408203125	96.2262802124023	0.969399988651276	-3.41580009460449	36.4639015197754
Pycno_STANDARD_10000-13-Plate:5	13	Pycno	5	20000	copies/reaction	22.4040699005127	96.2262802124023	0.969399988651276	-3.41580009460449	36.4639015197754
Pycno_STANDARD_1-13-Plate:5	13	Pycno	5	2	copies/reaction	35.831672668457	96.2262802124023	0.969399988651276	-3.41580009460449	36.4639015197754
Pycno_STANDARD_1-14-Plate:5	14	Pycno	5	2	copies/reaction	NA	96.2262802124023	0.969399988651276	-3.41580009460449	36.4639015197754
Pycno_STANDARD_1-15-Plate:5	15	Pycno	5	2	copies/reaction	NA	96.2262802124023	0.969399988651276	-3.41580009460449	36.4639015197754
Pycno_STANDARD_1-16-Plate:5	16	Pycno	5	2	copies/reaction	37.4157829284668	96.2262802124023	0.969399988651276	-3.41580009460449	36.4639015197754
Pycno_STANDARD_1-17-Plate:5	17	Pycno	5	2	copies/reaction	34.6798057556152	96.2262802124023	0.969399988651276	-3.41580009460449	36.4639015197754
Pycno_STANDARD_1-18-Plate:5	18	Pycno	5	2	copies/reaction	37.3066596984863	96.2262802124023	0.969399988651276	-3.41580009460449	36.4639015197754
Pycno_STANDARD_1-19-Plate:5	19	Pycno	5	2	copies/reaction	37.0453109741211	96.2262802124023	0.969399988651276	-3.41580009460449	36.4639015197754
Pycno_STANDARD_1-20-Plate:5	20	Pycno	5	2	copies/reaction	36.2753829956055	96.2262802124023	0.969399988651276	-3.41580009460449	36.4639015197754
Pycno_STANDARD_1-21-Plate:5	21	Pycno	5	2	copies/reaction	NA	96.2262802124023	0.969399988651276	-3.41580009460449	36.4639015197754
Pycno_STANDARD_1-22-Plate:5	22	Pycno	5	2	copies/reaction	36.086784362793	96.2262802124023	0.969399988651276	-3.41580009460449	36.4639015197754
Pycno_STANDARD_1-23-Plate:5	23	Pycno	5	2	copies/reaction	35.1894989013672	96.2262802124023	0.969399988651276	-3.41580009460449	36.4639015197754
Pycno_STANDARD_1-24-Plate:5	24	Pycno	5	2	copies/reaction	35.3873481750488	96.2262802124023	0.969399988651276	-3.41580009460449	36.4639015197754
Pycno_STANDARD_10000-14-Plate:5	14	Pycno	5	20000	copies/reaction	22.2757015228271	96.2262802124023	0.969399988651276	-3.41580009460449	36.4639015197754
Pycno_STANDARD_0.8-13-Plate:5	13	Pycno	5	1.60000002384186	copies/reaction	39.4931640625	96.2262802124023	0.969399988651276	-3.41580009460449	36.4639015197754
Pycno_STANDARD_0.8-14-Plate:5	14	Pycno	5	1.60000002384186	copies/reaction	36.7027435302734	96.2262802124023	0.969399988651276	-3.41580009460449	36.4639015197754
Pycno_STANDARD_0.8-15-Plate:5	15	Pycno	5	1.60000002384186	copies/reaction	35.8608169555664	96.2262802124023	0.969399988651276	-3.41580009460449	36.4639015197754
Pycno_STANDARD_0.8-16-Plate:5	16	Pycno	5	1.60000002384186	copies/reaction	39.7139434814453	96.2262802124023	0.969399988651276	-3.41580009460449	36.4639015197754
Pycno_STANDARD_0.8-17-Plate:5	17	Pycno	5	1.60000002384186	copies/reaction	35.6250419616699	96.2262802124023	0.969399988651276	-3.41580009460449	36.4639015197754
Pycno_STANDARD_0.8-18-Plate:5	18	Pycno	5	1.60000002384186	copies/reaction	35.2280120849609	96.2262802124023	0.969399988651276	-3.41580009460449	36.4639015197754
Pycno_STANDARD_0.8-19-Plate:5	19	Pycno	5	1.60000002384186	copies/reaction	NA	96.2262802124023	0.969399988651276	-3.41580009460449	36.4639015197754
Pycno_STANDARD_0.8-20-Plate:5	20	Pycno	5	1.60000002384186	copies/reaction	36.1137924194336	96.2262802124023	0.969399988651276	-3.41580009460449	36.4639015197754
Pycno_STANDARD_0.8-21-Plate:5	21	Pycno	5	1.60000002384186	copies/reaction	36.2634201049805	96.2262802124023	0.969399988651276	-3.41580009460449	36.4639015197754
Pycno_STANDARD_0.8-22-Plate:5	22	Pycno	5	1.60000002384186	copies/reaction	37.8996963500977	96.2262802124023	0.969399988651276	-3.41580009460449	36.4639015197754
Pycno_STANDARD_0.8-23-Plate:5	23	Pycno	5	1.60000002384186	copies/reaction	NA	96.2262802124023	0.969399988651276	-3.41580009460449	36.4639015197754
Pycno_STANDARD_0.8-24-Plate:5	24	Pycno	5	1.60000002384186	copies/reaction	36.6480522155762	96.2262802124023	0.969399988651276	-3.41580009460449	36.4639015197754
Pycno_STANDARD_10000-15-Plate:5	15	Pycno	5	20000	copies/reaction	22.2566413879395	96.2262802124023	0.969399988651276	-3.41580009460449	36.4639015197754
Pycno_STANDARD_0.4-13-Plate:5	13	Pycno	5	0.800000011920929	copies/reaction	38.2592163085938	96.2262802124023	0.969399988651276	-3.41580009460449	36.4639015197754
Pycno_STANDARD_0.4-14-Plate:5	14	Pycno	5	0.800000011920929	copies/reaction	NA	96.2262802124023	0.969399988651276	-3.41580009460449	36.4639015197754
Pycno_STANDARD_0.4-15-Plate:5	15	Pycno	5	0.800000011920929	copies/reaction	37.3916931152344	96.2262802124023	0.969399988651276	-3.41580009460449	36.4639015197754
Pycno_STANDARD_0.4-16-Plate:5	16	Pycno	5	0.800000011920929	copies/reaction	38.8450469970703	96.2262802124023	0.969399988651276	-3.41580009460449	36.4639015197754
Pycno_STANDARD_0.4-17-Plate:5	17	Pycno	5	0.800000011920929	copies/reaction	35.928050994873	96.2262802124023	0.969399988651276	-3.41580009460449	36.4639015197754
Pycno_STANDARD_0.4-18-Plate:5	18	Pycno	5	0.800000011920929	copies/reaction	36.4818725585938	96.2262802124023	0.969399988651276	-3.41580009460449	36.4639015197754
Pycno_STANDARD_0.4-19-Plate:5	19	Pycno	5	0.800000011920929	copies/reaction	36.6986770629883	96.2262802124023	0.969399988651276	-3.41580009460449	36.4639015197754
Pycno_STANDARD_0.4-20-Plate:5	20	Pycno	5	0.800000011920929	copies/reaction	37.6696548461914	96.2262802124023	0.969399988651276	-3.41580009460449	36.4639015197754
Pycno_STANDARD_0.4-21-Plate:5	21	Pycno	5	0.800000011920929	copies/reaction	39.9875679016113	96.2262802124023	0.969399988651276	-3.41580009460449	36.4639015197754
Pycno_STANDARD_0.4-22-Plate:5	22	Pycno	5	0.800000011920929	copies/reaction	NA	96.2262802124023	0.969399988651276	-3.41580009460449	36.4639015197754
Pycno_STANDARD_0.4-23-Plate:5	23	Pycno	5	0.800000011920929	copies/reaction	37.5613594055176	96.2262802124023	0.969399988651276	-3.41580009460449	36.4639015197754
Pycno_STANDARD_10000-16-Plate:5	16	Pycno	5	20000	copies/reaction	22.8109188079834	96.2262802124023	0.969399988651276	-3.41580009460449	36.4639015197754
Pycno_STANDARD_1e+05-1-Plate:3	1	Pycno	3	2e+05	copies/reaction	22.4151020050049	89.4423980712891	0.955299973487854	-3.60389995574951	39.0368995666504
Pycno_STANDARD_1e+05-2-Plate:3	2	Pycno	3	2e+05	copies/reaction	22.48708152771	89.4423980712891	0.955299973487854	-3.60389995574951	39.0368995666504
Pycno_STANDARD_1e+05-3-Plate:3	3	Pycno	3	2e+05	copies/reaction	21.0939044952393	89.4423980712891	0.955299973487854	-3.60389995574951	39.0368995666504
Pycno_STANDARD_1e+05-4-Plate:3	4	Pycno	3	2e+05	copies/reaction	21.1839599609375	89.4423980712891	0.955299973487854	-3.60389995574951	39.0368995666504
Pycno_STANDARD_1e+05-5-Plate:3	5	Pycno	3	2e+05	copies/reaction	21.7818202972412	89.4423980712891	0.955299973487854	-3.60389995574951	39.0368995666504
Pycno_STANDARD_1e+05-6-Plate:3	6	Pycno	3	2e+05	copies/reaction	24.1091728210449	89.4423980712891	0.955299973487854	-3.60389995574951	39.0368995666504
Pycno_STANDARD_10000-1-Plate:3	1	Pycno	3	20000	copies/reaction	26.4644889831543	89.4423980712891	0.955299973487854	-3.60389995574951	39.0368995666504
Pycno_STANDARD_10000-2-Plate:3	2	Pycno	3	20000	copies/reaction	24.4130210876465	89.4423980712891	0.955299973487854	-3.60389995574951	39.0368995666504
Pycno_STANDARD_10000-3-Plate:3	3	Pycno	3	20000	copies/reaction	23.6759567260742	89.4423980712891	0.955299973487854	-3.60389995574951	39.0368995666504
Pycno_STANDARD_10000-4-Plate:3	4	Pycno	3	20000	copies/reaction	23.60133934021	89.4423980712891	0.955299973487854	-3.60389995574951	39.0368995666504
Pycno_STANDARD_10000-5-Plate:3	5	Pycno	3	20000	copies/reaction	25.3641262054443	89.4423980712891	0.955299973487854	-3.60389995574951	39.0368995666504
Pycno_STANDARD_10000-6-Plate:3	6	Pycno	3	20000	copies/reaction	24.7925148010254	89.4423980712891	0.955299973487854	-3.60389995574951	39.0368995666504
Pycno_STANDARD_1000-1-Plate:3	1	Pycno	3	2000	copies/reaction	27.7786083221436	89.4423980712891	0.955299973487854	-3.60389995574951	39.0368995666504
Pycno_STANDARD_1000-2-Plate:3	2	Pycno	3	2000	copies/reaction	27.8838539123535	89.4423980712891	0.955299973487854	-3.60389995574951	39.0368995666504
Pycno_STANDARD_1000-3-Plate:3	3	Pycno	3	2000	copies/reaction	27.0347843170166	89.4423980712891	0.955299973487854	-3.60389995574951	39.0368995666504
Pycno_STANDARD_1000-4-Plate:3	4	Pycno	3	2000	copies/reaction	26.8708534240723	89.4423980712891	0.955299973487854	-3.60389995574951	39.0368995666504
Pycno_STANDARD_1000-5-Plate:3	5	Pycno	3	2000	copies/reaction	27.3501262664795	89.4423980712891	0.955299973487854	-3.60389995574951	39.0368995666504
Pycno_STANDARD_1000-6-Plate:3	6	Pycno	3	2000	copies/reaction	28.8818206787109	89.4423980712891	0.955299973487854	-3.60389995574951	39.0368995666504
Pycno_STANDARD_100-1-Plate:3	1	Pycno	3	200	copies/reaction	31.2688331604004	89.4423980712891	0.955299973487854	-3.60389995574951	39.0368995666504
Pycno_STANDARD_100-2-Plate:3	2	Pycno	3	200	copies/reaction	31.2982902526855	89.4423980712891	0.955299973487854	-3.60389995574951	39.0368995666504
Pycno_STANDARD_100-3-Plate:3	3	Pycno	3	200	copies/reaction	30.254581451416	89.4423980712891	0.955299973487854	-3.60389995574951	39.0368995666504
Pycno_STANDARD_100-4-Plate:3	4	Pycno	3	200	copies/reaction	30.3914413452148	89.4423980712891	0.955299973487854	-3.60389995574951	39.0368995666504
Pycno_STANDARD_100-5-Plate:3	5	Pycno	3	200	copies/reaction	31.4946784973145	89.4423980712891	0.955299973487854	-3.60389995574951	39.0368995666504
Pycno_STANDARD_10-1-Plate:3	1	Pycno	3	20	copies/reaction	34.4294776916504	89.4423980712891	0.955299973487854	-3.60389995574951	39.0368995666504
Pycno_STANDARD_10-2-Plate:3	2	Pycno	3	20	copies/reaction	34.4793510437012	89.4423980712891	0.955299973487854	-3.60389995574951	39.0368995666504
Pycno_STANDARD_10-3-Plate:3	3	Pycno	3	20	copies/reaction	33.8729934692383	89.4423980712891	0.955299973487854	-3.60389995574951	39.0368995666504
Pycno_STANDARD_10-4-Plate:3	4	Pycno	3	20	copies/reaction	34.4297370910645	89.4423980712891	0.955299973487854	-3.60389995574951	39.0368995666504
Pycno_STANDARD_10-5-Plate:3	5	Pycno	3	20	copies/reaction	34.7060966491699	89.4423980712891	0.955299973487854	-3.60389995574951	39.0368995666504
Pycno_STANDARD_5-1-Plate:3	1	Pycno	3	10	copies/reaction	35.1823577880859	89.4423980712891	0.955299973487854	-3.60389995574951	39.0368995666504
Pycno_STANDARD_5-2-Plate:3	2	Pycno	3	10	copies/reaction	34.8217277526855	89.4423980712891	0.955299973487854	-3.60389995574951	39.0368995666504
Pycno_STANDARD_5-3-Plate:3	3	Pycno	3	10	copies/reaction	35.1739349365234	89.4423980712891	0.955299973487854	-3.60389995574951	39.0368995666504
Pycno_STANDARD_5-4-Plate:3	4	Pycno	3	10	copies/reaction	36.6040496826172	89.4423980712891	0.955299973487854	-3.60389995574951	39.0368995666504
Pycno_STANDARD_5-5-Plate:3	5	Pycno	3	10	copies/reaction	35.4954872131348	89.4423980712891	0.955299973487854	-3.60389995574951	39.0368995666504
Pycno_STANDARD_1-1-Plate:3	1	Pycno	3	2	copies/reaction	40.0652694702149	89.4423980712891	0.955299973487854	-3.60389995574951	39.0368995666504
Pycno_STANDARD_1-2-Plate:3	2	Pycno	3	2	copies/reaction	40.3704109191895	89.4423980712891	0.955299973487854	-3.60389995574951	39.0368995666504
Pycno_STANDARD_1-3-Plate:3	3	Pycno	3	2	copies/reaction	37.3998107910156	89.4423980712891	0.955299973487854	-3.60389995574951	39.0368995666504
Pycno_STANDARD_1-4-Plate:3	4	Pycno	3	2	copies/reaction	42.2612266540527	89.4423980712891	0.955299973487854	-3.60389995574951	39.0368995666504
Pycno_STANDARD_1-5-Plate:3	5	Pycno	3	2	copies/reaction	38.4799385070801	89.4423980712891	0.955299973487854	-3.60389995574951	39.0368995666504
Pycno_STANDARD_1-6-Plate:3	6	Pycno	3	2	copies/reaction	43.4884262084961	89.4423980712891	0.955299973487854	-3.60389995574951	39.0368995666504
Pycno_STANDARD_1-7-Plate:3	7	Pycno	3	2	copies/reaction	42.6968688964844	89.4423980712891	0.955299973487854	-3.60389995574951	39.0368995666504
Pycno_STANDARD_1-8-Plate:3	8	Pycno	3	2	copies/reaction	39.4315795898438	89.4423980712891	0.955299973487854	-3.60389995574951	39.0368995666504
Pycno_STANDARD_1-9-Plate:3	9	Pycno	3	2	copies/reaction	38.1231651306152	89.4423980712891	0.955299973487854	-3.60389995574951	39.0368995666504
Pycno_STANDARD_1-10-Plate:3	10	Pycno	3	2	copies/reaction	38.3643074035645	89.4423980712891	0.955299973487854	-3.60389995574951	39.0368995666504
Pycno_STANDARD_1-11-Plate:3	11	Pycno	3	2	copies/reaction	39.8541984558105	89.4423980712891	0.955299973487854	-3.60389995574951	39.0368995666504
Pycno_STANDARD_1e+05-7-Plate:3	7	Pycno	3	2e+05	copies/reaction	20.6599884033203	89.4423980712891	0.955299973487854	-3.60389995574951	39.0368995666504
Pycno_STANDARD_1e+05-8-Plate:3	8	Pycno	3	2e+05	copies/reaction	21.513500213623	89.4423980712891	0.955299973487854	-3.60389995574951	39.0368995666504
Pycno_STANDARD_1e+05-9-Plate:3	9	Pycno	3	2e+05	copies/reaction	20.3223514556885	89.4423980712891	0.955299973487854	-3.60389995574951	39.0368995666504
Pycno_STANDARD_1e+05-10-Plate:3	10	Pycno	3	2e+05	copies/reaction	20.5061588287354	89.4423980712891	0.955299973487854	-3.60389995574951	39.0368995666504
Pycno_STANDARD_1e+05-11-Plate:3	11	Pycno	3	2e+05	copies/reaction	20.5507373809814	89.4423980712891	0.955299973487854	-3.60389995574951	39.0368995666504
Pycno_STANDARD_1e+05-12-Plate:3	12	Pycno	3	2e+05	copies/reaction	22.2752304077148	89.4423980712891	0.955299973487854	-3.60389995574951	39.0368995666504
Pycno_STANDARD_10000-7-Plate:3	7	Pycno	3	20000	copies/reaction	27.4413528442383	89.4423980712891	0.955299973487854	-3.60389995574951	39.0368995666504
Pycno_STANDARD_10000-8-Plate:3	8	Pycno	3	20000	copies/reaction	23.7883586883545	89.4423980712891	0.955299973487854	-3.60389995574951	39.0368995666504
Pycno_STANDARD_10000-9-Plate:3	9	Pycno	3	20000	copies/reaction	23.4159603118896	89.4423980712891	0.955299973487854	-3.60389995574951	39.0368995666504
Pycno_STANDARD_10000-10-Plate:3	10	Pycno	3	20000	copies/reaction	24.2165088653564	89.4423980712891	0.955299973487854	-3.60389995574951	39.0368995666504
Pycno_STANDARD_10000-11-Plate:3	11	Pycno	3	20000	copies/reaction	23.821102142334	89.4423980712891	0.955299973487854	-3.60389995574951	39.0368995666504
Pycno_STANDARD_10000-12-Plate:3	12	Pycno	3	20000	copies/reaction	25.8103427886963	89.4423980712891	0.955299973487854	-3.60389995574951	39.0368995666504
Pycno_STANDARD_1000-7-Plate:3	7	Pycno	3	2000	copies/reaction	28.8187789916992	89.4423980712891	0.955299973487854	-3.60389995574951	39.0368995666504
Pycno_STANDARD_1000-8-Plate:3	8	Pycno	3	2000	copies/reaction	28.8298587799072	89.4423980712891	0.955299973487854	-3.60389995574951	39.0368995666504
Pycno_STANDARD_1000-9-Plate:3	9	Pycno	3	2000	copies/reaction	27.692964553833	89.4423980712891	0.955299973487854	-3.60389995574951	39.0368995666504
Pycno_STANDARD_1000-10-Plate:3	10	Pycno	3	2000	copies/reaction	27.3196125030518	89.4423980712891	0.955299973487854	-3.60389995574951	39.0368995666504
Pycno_STANDARD_1000-11-Plate:3	11	Pycno	3	2000	copies/reaction	28.0311260223389	89.4423980712891	0.955299973487854	-3.60389995574951	39.0368995666504
Pycno_STANDARD_1000-12-Plate:3	12	Pycno	3	2000	copies/reaction	29.3958320617676	89.4423980712891	0.955299973487854	-3.60389995574951	39.0368995666504
Pycno_STANDARD_100-6-Plate:3	6	Pycno	3	200	copies/reaction	31.0435829162598	89.4423980712891	0.955299973487854	-3.60389995574951	39.0368995666504
Pycno_STANDARD_100-7-Plate:3	7	Pycno	3	200	copies/reaction	30.6673355102539	89.4423980712891	0.955299973487854	-3.60389995574951	39.0368995666504
Pycno_STANDARD_100-8-Plate:3	8	Pycno	3	200	copies/reaction	30.4926357269287	89.4423980712891	0.955299973487854	-3.60389995574951	39.0368995666504
Pycno_STANDARD_100-9-Plate:3	9	Pycno	3	200	copies/reaction	31.5654964447021	89.4423980712891	0.955299973487854	-3.60389995574951	39.0368995666504
Pycno_STANDARD_100-10-Plate:3	10	Pycno	3	200	copies/reaction	30.4074687957764	89.4423980712891	0.955299973487854	-3.60389995574951	39.0368995666504
Pycno_STANDARD_10-6-Plate:3	6	Pycno	3	20	copies/reaction	35.0621337890625	89.4423980712891	0.955299973487854	-3.60389995574951	39.0368995666504
Pycno_STANDARD_10-7-Plate:3	7	Pycno	3	20	copies/reaction	34.5443992614746	89.4423980712891	0.955299973487854	-3.60389995574951	39.0368995666504
Pycno_STANDARD_10-8-Plate:3	8	Pycno	3	20	copies/reaction	35.3161888122559	89.4423980712891	0.955299973487854	-3.60389995574951	39.0368995666504
Pycno_STANDARD_10-9-Plate:3	9	Pycno	3	20	copies/reaction	33.6016273498535	89.4423980712891	0.955299973487854	-3.60389995574951	39.0368995666504
Pycno_STANDARD_10-10-Plate:3	10	Pycno	3	20	copies/reaction	36.6753807067871	89.4423980712891	0.955299973487854	-3.60389995574951	39.0368995666504
Pycno_STANDARD_10-11-Plate:3	11	Pycno	3	20	copies/reaction	35.52685546875	89.4423980712891	0.955299973487854	-3.60389995574951	39.0368995666504
Pycno_STANDARD_5-6-Plate:3	6	Pycno	3	10	copies/reaction	35.872257232666	89.4423980712891	0.955299973487854	-3.60389995574951	39.0368995666504
Pycno_STANDARD_5-7-Plate:3	7	Pycno	3	10	copies/reaction	35.5792045593262	89.4423980712891	0.955299973487854	-3.60389995574951	39.0368995666504
Pycno_STANDARD_5-8-Plate:3	8	Pycno	3	10	copies/reaction	34.4503211975098	89.4423980712891	0.955299973487854	-3.60389995574951	39.0368995666504
Pycno_STANDARD_5-9-Plate:3	9	Pycno	3	10	copies/reaction	37.1377258300781	89.4423980712891	0.955299973487854	-3.60389995574951	39.0368995666504
Pycno_STANDARD_5-10-Plate:3	10	Pycno	3	10	copies/reaction	38.233570098877	89.4423980712891	0.955299973487854	-3.60389995574951	39.0368995666504
Pycno_STANDARD_5-11-Plate:3	11	Pycno	3	10	copies/reaction	36.6694526672363	89.4423980712891	0.955299973487854	-3.60389995574951	39.0368995666504
Pycno_STANDARD_1-12-Plate:3	12	Pycno	3	2	copies/reaction	NA	89.4423980712891	0.955299973487854	-3.60389995574951	39.0368995666504
Pycno_STANDARD_1-13-Plate:3	13	Pycno	3	2	copies/reaction	37.3069801330566	89.4423980712891	0.955299973487854	-3.60389995574951	39.0368995666504
Pycno_STANDARD_1-14-Plate:3	14	Pycno	3	2	copies/reaction	43.2378730773926	89.4423980712891	0.955299973487854	-3.60389995574951	39.0368995666504
Pycno_STANDARD_1-15-Plate:3	15	Pycno	3	2	copies/reaction	39.6872177124023	89.4423980712891	0.955299973487854	-3.60389995574951	39.0368995666504
Pycno_STANDARD_1-16-Plate:3	16	Pycno	3	2	copies/reaction	NA	89.4423980712891	0.955299973487854	-3.60389995574951	39.0368995666504
Pycno_STANDARD_1-17-Plate:3	17	Pycno	3	2	copies/reaction	38.5787200927734	89.4423980712891	0.955299973487854	-3.60389995574951	39.0368995666504
Pycno_STANDARD_1-18-Plate:3	18	Pycno	3	2	copies/reaction	40.4079704284668	89.4423980712891	0.955299973487854	-3.60389995574951	39.0368995666504
Pycno_STANDARD_1-19-Plate:3	19	Pycno	3	2	copies/reaction	39.37353515625	89.4423980712891	0.955299973487854	-3.60389995574951	39.0368995666504
Pycno_STANDARD_1-20-Plate:3	20	Pycno	3	2	copies/reaction	41.3004722595215	89.4423980712891	0.955299973487854	-3.60389995574951	39.0368995666504
Pycno_STANDARD_1e+05-1-Plate:1	NA	Pycno	1	2e+05	copies/reaction	21.4335842132568	101.598899841309	0.952099978923798	-3.28419995307922	38.8440017700195
Pycno_STANDARD_1e+05-2-Plate:1	NA	Pycno	1	2e+05	copies/reaction	21.6905479431152	101.598899841309	0.952099978923798	-3.28419995307922	38.8440017700195
Pycno_STANDARD_10000-1-Plate:1	NA	Pycno	1	20000	copies/reaction	24.339656829834	101.598899841309	0.952099978923798	-3.28419995307922	38.8440017700195
Pycno_STANDARD_1000-1-Plate:1	NA	Pycno	1	2000	copies/reaction	29.1448402404785	101.598899841309	0.952099978923798	-3.28419995307922	38.8440017700195
Pycno_STANDARD_1000-2-Plate:1	NA	Pycno	1	2000	copies/reaction	29.6467628479004	101.598899841309	0.952099978923798	-3.28419995307922	38.8440017700195
Pycno_STANDARD_100-1-Plate:1	NA	Pycno	1	200	copies/reaction	34.4269561767578	101.598899841309	0.952099978923798	-3.28419995307922	38.8440017700195
Pycno_STANDARD_100-2-Plate:1	NA	Pycno	1	200	copies/reaction	34.1545677185059	101.598899841309	0.952099978923798	-3.28419995307922	38.8440017700195
Pycno_STANDARD_10-1-Plate:1	NA	Pycno	1	20	copies/reaction	35.1595115661621	101.598899841309	0.952099978923798	-3.28419995307922	38.8440017700195
Pycno_STANDARD_10-2-Plate:1	NA	Pycno	1	20	copies/reaction	34.482364654541	101.598899841309	0.952099978923798	-3.28419995307922	38.8440017700195
Pycno_STANDARD_5-1-Plate:1	NA	Pycno	1	10	copies/reaction	36.2212944030762	101.598899841309	0.952099978923798	-3.28419995307922	38.8440017700195
Pycno_STANDARD_5-2-Plate:1	NA	Pycno	1	10	copies/reaction	NA	101.598899841309	0.952099978923798	-3.28419995307922	38.8440017700195
Pycno_STANDARD_1-1-Plate:1	NA	Pycno	1	2	copies/reaction	36.6353187561035	101.598899841309	0.952099978923798	-3.28419995307922	38.8440017700195
Pycno_STANDARD_1-2-Plate:1	NA	Pycno	1	2	copies/reaction	NA	101.598899841309	0.952099978923798	-3.28419995307922	38.8440017700195
Pycno_STANDARD_1-3-Plate:1	NA	Pycno	1	2	copies/reaction	NA	101.598899841309	0.952099978923798	-3.28419995307922	38.8440017700195
Pycno_STANDARD_1-4-Plate:1	NA	Pycno	1	2	copies/reaction	NA	101.598899841309	0.952099978923798	-3.28419995307922	38.8440017700195
Pycno_STANDARD_1e+05-3-Plate:1	NA	Pycno	1	2e+05	copies/reaction	22.1279563903809	101.598899841309	0.952099978923798	-3.28419995307922	38.8440017700195
Pycno_STANDARD_1e+05-4-Plate:1	NA	Pycno	1	2e+05	copies/reaction	21.9715690612793	101.598899841309	0.952099978923798	-3.28419995307922	38.8440017700195
Pycno_STANDARD_10000-2-Plate:1	NA	Pycno	1	20000	copies/reaction	25.0617618560791	101.598899841309	0.952099978923798	-3.28419995307922	38.8440017700195
Pycno_STANDARD_10000-3-Plate:1	NA	Pycno	1	20000	copies/reaction	24.7191123962402	101.598899841309	0.952099978923798	-3.28419995307922	38.8440017700195
Pycno_STANDARD_1000-3-Plate:1	NA	Pycno	1	2000	copies/reaction	29.9602642059326	101.598899841309	0.952099978923798	-3.28419995307922	38.8440017700195
Pycno_STANDARD_1000-4-Plate:1	NA	Pycno	1	2000	copies/reaction	30.0491275787354	101.598899841309	0.952099978923798	-3.28419995307922	38.8440017700195
Pycno_STANDARD_100-3-Plate:1	NA	Pycno	1	200	copies/reaction	33.6037330627441	101.598899841309	0.952099978923798	-3.28419995307922	38.8440017700195
Pycno_STANDARD_100-4-Plate:1	NA	Pycno	1	200	copies/reaction	33.9365577697754	101.598899841309	0.952099978923798	-3.28419995307922	38.8440017700195
Pycno_STANDARD_100-5-Plate:1	NA	Pycno	1	200	copies/reaction	33.897834777832	101.598899841309	0.952099978923798	-3.28419995307922	38.8440017700195
Pycno_STANDARD_100-6-Plate:1	NA	Pycno	1	200	copies/reaction	33.3770904541016	101.598899841309	0.952099978923798	-3.28419995307922	38.8440017700195
Pycno_STANDARD_10-3-Plate:1	NA	Pycno	1	20	copies/reaction	34.9569320678711	101.598899841309	0.952099978923798	-3.28419995307922	38.8440017700195
Pycno_STANDARD_10-4-Plate:1	NA	Pycno	1	20	copies/reaction	35.6402244567871	101.598899841309	0.952099978923798	-3.28419995307922	38.8440017700195
Pycno_STANDARD_10-5-Plate:1	NA	Pycno	1	20	copies/reaction	34.7962799072266	101.598899841309	0.952099978923798	-3.28419995307922	38.8440017700195
Pycno_STANDARD_10-6-Plate:1	NA	Pycno	1	20	copies/reaction	34.2891273498535	101.598899841309	0.952099978923798	-3.28419995307922	38.8440017700195
Pycno_STANDARD_5-3-Plate:1	NA	Pycno	1	10	copies/reaction	NA	101.598899841309	0.952099978923798	-3.28419995307922	38.8440017700195
Pycno_STANDARD_5-4-Plate:1	NA	Pycno	1	10	copies/reaction	36.0139846801758	101.598899841309	0.952099978923798	-3.28419995307922	38.8440017700195
Pycno_STANDARD_5-5-Plate:1	NA	Pycno	1	10	copies/reaction	37.9568977355957	101.598899841309	0.952099978923798	-3.28419995307922	38.8440017700195
Pycno_STANDARD_5-6-Plate:1	NA	Pycno	1	10	copies/reaction	NA	101.598899841309	0.952099978923798	-3.28419995307922	38.8440017700195
Pycno_STANDARD_1-5-Plate:1	NA	Pycno	1	2	copies/reaction	NA	101.598899841309	0.952099978923798	-3.28419995307922	38.8440017700195
Pycno_STANDARD_1-6-Plate:1	NA	Pycno	1	2	copies/reaction	37.4294242858887	101.598899841309	0.952099978923798	-3.28419995307922	38.8440017700195
Pycno_STANDARD_1-7-Plate:1	NA	Pycno	1	2	copies/reaction	NA	101.598899841309	0.952099978923798	-3.28419995307922	38.8440017700195
Pycno_STANDARD_1-8-Plate:1	NA	Pycno	1	2	copies/reaction	NA	101.598899841309	0.952099978923798	-3.28419995307922	38.8440017700195
Pycno_STANDARD_1-9-Plate:1	NA	Pycno	1	2	copies/reaction	NA	101.598899841309	0.952099978923798	-3.28419995307922	38.8440017700195
Pycno_STANDARD_1-10-Plate:1	NA	Pycno	1	2	copies/reaction	NA	101.598899841309	0.952099978923798	-3.28419995307922	38.8440017700195
Pycno_STANDARD_1-11-Plate:1	NA	Pycno	1	2	copies/reaction	NA	101.598899841309	0.952099978923798	-3.28419995307922	38.8440017700195
Pycno_STANDARD_1-12-Plate:1	NA	Pycno	1	2	copies/reaction	NA	101.598899841309	0.952099978923798	-3.28419995307922	38.8440017700195
